is_weekend,end_station,end_power_class,0,1,2,3,4,5,6,7,8,9,10,11,12,13,14,15,16,17,18,19,20,21,22,23
0,1,high,0.0,0.0,1.4,0.0,0.0,0.0,0.0,1.4,0.0,0.0,0.0,0.0,0.0,2.0999999999999996,1.4,1.4,0.0,0.0,1.4,1.4,1.8666666666666665,1.4,2.8,2.0999999999999996
0,1,inactive,0.0,0.0,0.0,0.0,0.0,0.0,0.0,0.0,0.0,0.0,0.0,0.0,0.0,0.0,0.0,1.4,0.0,0.0,1.4,0.0,0.0,1.4,1.4,0.0
0,1,low,0.0,0.0,0.0,0.0,0.0,0.0,0.0,0.0,0.0,0.0,0.0,0.0,0.0,1.4,0.0,1.4,1.4,0.0,0.0,0.0,1.4,0.0,0.0,1.4
0,2,high,1.7062499999999998,1.7975308641975303,1.6624999999999999,1.4,1.68,1.4,1.4,1.4378378378378376,1.4736842105263157,1.5365853658536586,1.664864864864865,1.612121212121212,1.4874999999999998,1.6745098039215685,1.5884615384615384,1.6754098360655736,1.5852941176470587,1.5944444444444443,1.6599999999999997,1.7454545454545454,1.7555555555555553,1.8222222222222222,1.7134328358208955,1.9478260869565216
0,2,inactive,1.6333333333333333,1.4666666666666666,1.4,1.75,0.0,0.0,1.4,1.4,1.5166666666666664,1.68,1.4,1.4933333333333336,1.4999999999999998,1.5272727272727271,1.7230769230769232,1.4,1.4636363636363634,1.5272727272727271,1.4,1.5076923076923074,1.5076923076923074,1.4823529411764704,1.4538461538461536,1.4538461538461536
0,2,low,1.4823529411764704,1.512,1.4,1.4,1.4,0.0,1.4,1.4933333333333336,1.4,1.4,1.4,1.4,1.4,1.8666666666666665,1.4874999999999998,1.54,1.4777777777777776,1.4538461538461536,1.5999999999999999,1.4,1.5647058823529412,1.4,1.8083333333333333,1.5647058823529412
0,3,high,1.4,1.4,0.0,1.4,0.0,0.0,1.4,1.4,1.4,1.4,0.0,1.4,1.4,1.4,1.4,1.4,1.4,1.4,1.4,1.4,1.75,1.4,0.0,1.4
0,3,inactive,1.4,0.0,0.0,0.0,0.0,0.0,1.4,1.4,0.0,0.0,1.4,0.0,1.4,0.0,1.4,1.4,1.4,0.0,1.4,1.4,1.4,1.4,0.0,0.0
0,3,low,1.4,0.0,0.0,0.0,0.0,1.4,1.4,0.0,0.0,0.0,1.4,1.4,0.0,0.0,0.0,0.0,0.0,0.0,1.8666666666666665,0.0,1.4,1.4,0.0,0.0
0,4,high,4.5210526315789465,4.876666666666666,4.97,9.333333333333334,4.199999999999999,3.266666666666666,4.199999999999999,4.2518518518518515,4.384848484848485,4.572121212121212,4.841666666666666,4.73763440860215,4.584012539184954,4.61010101010101,4.721111111111111,4.714081996434937,5.132411067193676,4.890926876987038,5.193725490196079,5.337776252573782,4.624242424242424,4.620543710866292,4.633589743589744,4.8331704138155756
0,4,inactive,4.199999999999999,4.8999999999999995,4.199999999999999,4.199999999999999,0.0,0.0,2.8,2.9555555555555553,3.0875,4.307692307692307,4.199999999999999,4.513939393939394,4.199999999999999,4.199999999999999,4.199999999999999,4.6025,4.293333333333333,4.573333333333333,4.5181818181818185,4.520261437908497,4.199999999999999,4.977777777777778,5.1863636363636365,4.199999999999999
0,4,low,2.8,5.6,2.8,4.199999999999999,2.8,4.199999999999999,4.199999999999999,4.199999999999999,4.199999999999999,4.199999999999999,4.199999999999999,4.199999999999999,4.327272727272727,4.199999999999999,4.199999999999999,4.199999999999999,4.745192307692307,4.6,4.375,4.307692307692307,4.4799999999999995,4.355555555555555,4.199999999999999,4.199999999999999
0,5,high,1.6400000000000003,1.8967741935483868,1.75,1.6333333333333333,1.8666666666666665,2.8,1.5555555555555556,1.4,1.6210526315789473,1.5018181818181817,1.4,1.5866666666666664,1.7019607843137252,1.6641509433962263,1.786206896551724,1.6210526315789473,1.8666666666666665,1.9541666666666664,1.7888888888888885,2.118260869565217,2.0106382978723407,1.7173333333333332,1.9444444444444442,2.0399999999999996
0,5,inactive,1.7733333333333332,1.9599999999999997,1.4,1.4,0.0,0.0,1.4,1.4,1.5076923076923074,1.5866666666666664,1.4,1.4,1.54,1.4,1.4,1.5037037037037038,1.55,1.56,1.5707317073170732,1.7230769230769232,1.4777777777777776,1.696969696969697,1.4451612903225806,1.68
0,5,low,1.68,1.4,3.5,1.4,0.0,0.0,1.4,1.4,1.4933333333333336,1.5076923076923074,1.4,1.4,1.4,1.4,1.5166666666666664,1.4666666666666666,1.4,1.5272727272727271,1.5866666666666664,1.4756756756756755,1.6999999999999997,1.65,1.4736842105263157,1.718181818181818
0,6,high,1.7888888888888885,1.575,1.6624999999999999,1.4,1.9833333333333334,1.6333333333333333,1.4,1.575,1.6372881355932203,1.736,1.6135593220338982,1.6825688073394494,1.6048780487804877,1.6028985507246376,1.590909090909091,1.7230769230769232,1.9356521739130435,2.0416666666666665,2.0762711864406778,1.9983870967741932,2.0124999999999997,2.020869565217391,1.9954022988505746,2.252173913043478
0,6,inactive,1.5473684210526317,1.6333333333333333,1.4,1.75,1.4,1.4,1.4,1.4,1.4437499999999999,1.4583333333333333,1.6624999999999999,1.4482758620689653,1.456,1.533333333333333,1.460869565217391,1.575,1.6333333333333333,1.6882352941176468,1.6488888888888888,1.5590909090909089,1.5999999999999999,1.436842105263158,1.6227272727272728,1.589189189189189
0,6,low,1.6470588235294117,1.5272727272727271,1.75,1.4,1.4,0.0,0.0,1.4,1.4,1.5076923076923074,1.5076923076923074,1.5999999999999999,1.4,1.7294117647058824,1.4,1.4874999999999998,1.5615384615384615,1.5944444444444443,1.7888888888888885,1.48,1.5076923076923074,1.68,1.575,1.54
0,7,high,0.0,0.0,0.0,0.0,0.0,0.0,0.0,0.0,0.0,0.0,1.4,0.0,0.0,0.0,0.0,0.0,0.0,0.0,0.0,0.0,0.0,0.0,0.0,0.0
0,8,high,1.54,1.7818181818181817,1.8666666666666665,1.4,1.4,1.4,0.0,1.4,1.6210526315789473,1.736,1.8,1.7599999999999998,1.5964912280701753,1.6413793103448273,1.5428571428571427,1.548936170212766,1.5707317073170732,1.6285714285714283,1.8508474576271186,2.1279999999999997,1.9272727272727272,1.7672131147540984,1.68,1.756862745098039
0,8,inactive,1.68,0.0,0.0,0.0,0.0,0.0,0.0,1.4,1.4933333333333336,1.8666666666666665,1.6333333333333333,1.7111111111111112,1.5166666666666664,1.575,1.4874999999999998,1.6333333333333333,1.4874999999999998,1.6333333333333333,1.607407407407407,1.6545454545454548,1.4736842105263157,1.5076923076923074,1.54,1.8666666666666665
0,8,low,1.4,0.0,0.0,1.4,0.0,0.0,1.4,1.4,1.5272727272727271,2.036363636363636,2.3333333333333335,1.7111111111111112,1.4,1.4,1.4,1.5272727272727271,1.4,1.4823529411764704,1.4823529411764704,1.8666666666666665,1.4,1.4,1.4,1.4
0,9,high,4.829071618037134,5.031016042780749,4.433333333333334,4.705555555555556,3.111111111111111,4.199999999999999,4.3999999999999995,4.28235294117647,4.518888888888888,4.949293372319688,4.573333333333333,4.701847745750184,4.928655838041431,5.120845943751384,4.977662466024215,5.504535256410256,5.091408074741407,5.543151949603562,6.094526546250684,6.28896781354051,5.934506270729426,6.199774452396443,5.480607037335482,5.550151515151515
0,9,inactive,5.914999999999999,4.433333333333334,4.199999999999999,4.199999999999999,5.366666666666666,0.0,2.8,4.199999999999999,4.402222222222222,4.375,4.34,4.532051282051281,4.260869565217392,4.504347826086956,4.5,4.441379310344828,4.550909090909091,4.6889393939393935,4.632490881341025,4.965757575757575,5.104634581105169,4.930882352941176,4.647058823529411,4.740869565217391
0,9,low,4.3999999999999995,4.199999999999999,3.7333333333333334,2.8,2.8,1.4,4.199999999999999,4.199999999999999,4.495555555555556,4.199999999999999,4.293333333333333,4.695384615384614,4.404166666666666,4.199999999999999,4.438390092879257,4.327272727272727,4.674444444444444,4.255999999999999,5.04531383682041,5.082163742690059,5.285076252723312,5.15576923076923,4.6499999999999995,4.8805555555555555
0,10,high,1.4,1.4,4.199999999999999,0.0,0.0,0.0,0.0,1.4,1.5166666666666664,1.4,1.4,1.575,1.4,1.4,1.54,1.54,1.4,1.5166666666666664,1.5473684210526317,1.4736842105263157,1.4,1.4,1.4,1.4
0,10,inactive,1.4,0.0,0.0,0.0,0.0,1.4,1.4,1.4,1.4,1.4,1.4,1.4,1.4,1.4,1.4,1.4,1.4,1.4,1.4,1.4,1.4,1.4,0.0,0.0
0,10,low,1.4,0.0,0.0,0.0,0.0,1.4,0.0,1.4,1.4,1.4,1.4,1.4,1.4,1.4,1.4,1.4,1.4,1.4,1.4,1.4,1.4,1.4,1.4,0.0
0,11,high,1.4,2.8,1.4,0.0,0.0,0.0,1.4,1.4,1.4736842105263157,1.45,1.4903225806451612,1.8,1.4,1.4874999999999998,1.4666666666666666,1.4,1.4,1.5272727272727271,1.5666666666666667,1.7705882352941174,1.54,1.68,1.4583333333333333,1.4999999999999998
0,11,inactive,1.4,0.0,0.0,0.0,0.0,0.0,0.0,1.4,1.4,1.4,1.4,1.4,1.4,1.4,1.4,1.4,1.4,1.4,1.5999999999999999,1.4,1.4,1.5999999999999999,1.4,1.4
0,11,low,1.4,2.0999999999999996,0.0,0.0,0.0,0.0,0.0,1.4,1.4,1.4,1.4,1.4,1.4,1.4,1.4,1.4,1.4,1.4,1.4,1.4,1.4,1.4,1.4,1.4
0,12,high,4.476666666666667,4.6,4.199999999999999,1.4,1.4,0.0,4.4799999999999995,4.291304347826087,4.9339130434782605,5.1803263403263395,4.8011205432937185,4.884491978609625,4.908058902275769,4.77782867613376,4.913181878219521,5.24724680432645,5.125831202046036,5.531915188470066,5.053001697792869,5.256292134831461,5.078034450144735,4.830442415730337,5.037878787878788,4.8546610169491515
0,12,inactive,4.199999999999999,4.199999999999999,1.4,2.8,0.0,0.0,1.4,1.4,4.3166666666666655,4.50625,2.982608695652174,5.055555555555555,4.459259259259259,4.5627906976744175,4.678991596638655,4.725,4.687134502923977,4.628571428571428,4.51111111111111,4.434705882352941,4.490606060606061,4.905072463768115,4.83386287625418,4.682114624505929
0,12,low,4.433333333333334,4.199999999999999,1.4,1.4,0.0,0.0,2.8,1.4,4.35,2.947368421052632,4.347368421052631,4.508,4.666666666666666,4.6476489028213175,4.341346153846153,4.4239999999999995,4.534558823529411,4.494736842105263,4.511111111111111,4.6038461538461535,4.50074074074074,4.624242424242424,4.454545454545455,4.433333333333334
0,13,high,0.0,0.0,0.0,0.0,0.0,0.0,1.4,1.4,1.4999999999999998,1.5794871794871794,1.4518518518518517,1.5866666666666664,1.4756756756756755,1.5037037037037038,1.4823529411764704,1.5826086956521737,1.4,1.6099999999999999,1.4777777777777776,1.575,1.5999999999999999,1.4,1.5999999999999999,1.4
0,13,inactive,1.4,0.0,0.0,0.0,1.4,0.0,0.0,1.4,1.4,1.4,1.4,1.4,1.4,1.4,1.4,1.4,1.4,1.4,1.4,1.4,1.6333333333333333,1.68,1.4,1.4
0,13,low,0.0,0.0,0.0,0.0,0.0,0.0,0.0,0.0,1.4,1.4,1.4,1.4,1.54,1.4,1.4,1.75,1.4,1.4,2.0999999999999996,1.4,1.4,1.4,1.4,1.4
0,14,high,4.833684210526315,3.313333333333333,6.346666666666666,2.8,7.0,8.399999999999999,5.133333333333334,4.2875,4.964473684210526,5.133249375312343,4.951514459665145,5.235288800076125,5.316623711340206,5.438771089992088,5.647214285714285,5.53008377059744,5.888736806264895,5.8179046444527165,5.468550795593635,5.314569556375687,5.190299587048582,4.705090268133746,4.6973529411764705,4.623247863247863
0,14,inactive,2.8,4.199999999999999,3.5,2.8,1.4,1.4,4.199999999999999,4.199999999999999,4.199999999999999,4.42428586944716,4.467777777777777,4.633333333333333,4.462998102466793,4.69297385620915,4.58018018018018,4.63717618542645,4.762828282828282,5.150806150978564,4.758659003831418,4.537806451612902,4.8745,4.4430555555555555,4.725,5.008888888888888
0,14,low,4.199999999999999,2.8,2.8,1.4,0.0,0.0,2.8,4.199999999999999,4.39090909090909,4.475,4.258333333333334,4.266666666666666,4.760195804195804,4.710121457489879,4.340000000000001,4.28235294117647,4.472222222222222,4.746101694915254,4.355555555555555,4.363851851851852,4.433333333333334,4.666666666666666,4.199999999999999,4.199999999999999
0,15,high,1.5806451612903227,1.4,1.4,2.0999999999999996,1.4,0.0,2.0999999999999996,1.8,1.72,2.293617021276596,2.4888888888888885,1.7639999999999998,1.9,1.7559322033898304,1.7966666666666666,1.7705882352941174,1.7919999999999998,1.9297297297297298,1.8839506172839504,1.895121951219512,1.75,1.7446153846153845,1.845454545454545,1.9478260869565216
0,15,inactive,2.022222222222222,1.68,0.0,1.4,4.199999999999999,2.8,1.75,2.3333333333333335,2.0533333333333332,1.9249999999999998,1.68,1.9444444444444442,2.069565217391304,2.133333333333333,1.811764705882353,1.8307692307692307,1.5076923076923074,1.61875,1.5999999999999999,1.669230769230769,1.47,1.590909090909091,1.4,1.4666666666666666
0,15,low,1.4,1.4,1.4,0.0,2.8,1.4,2.8,1.4,1.6545454545454548,2.3333333333333335,1.5272727272727271,1.75,2.0,1.6333333333333333,1.6333333333333333,1.4,1.456,1.590909090909091,1.460869565217391,1.4466666666666668,1.6210526315789473,1.6099999999999999,1.5166666666666664,1.4777777777777776
0,16,high,1.4,1.4,1.4,1.4,0.0,0.0,2.0999999999999996,1.4,1.6210526315789473,1.6413793103448273,1.4874999999999998,1.568,1.5448275862068965,1.4388888888888887,1.4666666666666666,1.6210526315789473,1.68,1.4,1.6434782608695653,1.48,1.4666666666666666,1.4,1.4518518518518517,1.5555555555555556
0,16,inactive,0.0,0.0,0.0,1.4,0.0,0.0,1.4,0.0,1.4,1.4,1.4,1.4,1.4,1.7111111111111112,1.4,1.4,1.4,1.4,1.4,1.4,1.4,1.4,1.68,1.4
0,16,low,1.4,0.0,0.0,0.0,0.0,0.0,0.0,0.0,1.4,1.4,1.4,1.68,1.4,1.4,1.4,1.4,1.4,1.4,1.4,1.4,1.4,1.4,1.4,1.4
0,17,high,1.4,1.4,0.0,1.4,1.4,0.0,1.4,1.4,1.512,1.53125,1.5696969696969694,1.6413793103448273,1.694736842105263,1.512,1.575,1.4777777777777776,1.5826086956521737,1.664864864864865,1.48,1.5302325581395346,1.4636363636363634,1.4736842105263157,1.5647058823529412,1.6210526315789473
0,17,inactive,1.4,1.4,0.0,0.0,0.0,0.0,0.0,0.0,1.4,1.5037037037037038,1.575,1.4,1.5272727272727271,1.4,1.4,1.4,1.4,1.4,1.4,1.4,1.4,1.4,1.4,1.4
0,17,low,1.4,0.0,1.4,0.0,0.0,0.0,0.0,1.4,1.575,1.4736842105263157,1.4,1.4,1.4,1.4,1.4,1.4,1.4,1.575,1.4,2.0999999999999996,1.4,1.4,1.4,1.8666666666666665
0,18,high,1.4,1.4,0.0,1.4,0.0,1.4,1.4,1.4,1.533333333333333,1.4437499999999999,1.8666666666666665,1.4,1.4,1.5076923076923074,1.5076923076923074,1.4,1.5166666666666664,1.4,1.4,1.5076923076923074,1.4,1.4,1.4,1.4
0,18,inactive,1.4,1.4,0.0,0.0,0.0,1.4,1.4,1.4,1.4,1.4999999999999998,1.4,1.4,1.4,1.4,1.4,1.4,1.4,1.4,1.4,2.8,1.4,1.4,1.4,1.4
0,18,low,0.0,1.4,0.0,0.0,0.0,0.0,0.0,1.4,1.4,1.4,1.4,1.4,1.4,1.4,1.4,1.4,1.4,1.4,1.4,1.4,0.0,1.4,1.4,1.4
0,19,high,2.8933333333333335,5.04,4.199999999999999,1.4,2.8,1.4,2.8,4.199999999999999,4.351851851851851,4.289090909090909,4.463218390804598,4.515,4.433333333333333,4.585470085470085,4.668421052631579,4.633176470588235,4.365617715617715,4.698930481283422,4.984709193245779,5.2544866704481,4.443809523809524,4.407366771159873,4.768817204301074,4.766555183946489
0,19,inactive,5.6,2.8,2.8,1.4,1.4,0.0,0.0,2.8,2.8,4.199999999999999,4.375,4.55,4.199999999999999,4.4799999999999995,4.199999999999999,4.199999999999999,4.327272727272727,4.293333333333333,4.293333333333333,4.415384615384614,4.199999999999999,4.355555555555555,4.199999999999999,5.055555555555555
0,19,low,4.199999999999999,4.199999999999999,0.0,0.0,1.4,0.0,2.8,2.8,2.8,4.199999999999999,4.199999999999999,4.199999999999999,4.199999999999999,4.199999999999999,4.199999999999999,4.199999999999999,4.299999999999999,4.530555555555555,4.2875,4.199999999999999,4.791111111111111,4.199999999999999,4.4799999999999995,4.574999999999999
0,20,high,1.4,0.0,0.0,0.0,0.0,0.0,0.0,1.4,1.4,1.4,1.4,1.4,1.4,1.5999999999999999,1.4,1.4,1.4,1.4,1.6333333333333333,1.75,1.4,1.4,1.4,1.4
0,20,inactive,0.0,1.4,0.0,0.0,1.4,0.0,0.0,0.0,0.0,1.4,1.4,1.4,1.4,1.4,1.4,0.0,1.4,1.4,0.0,1.4,1.4,0.0,2.8,0.0
0,20,low,0.0,0.0,0.0,0.0,0.0,0.0,0.0,0.0,1.4,1.4,1.4,0.0,0.0,1.4,1.4,1.4,1.4,1.4,1.4,1.4,1.4,1.4,1.4,0.0
0,21,high,4.782657342657342,4.36470588235294,4.355555555555555,2.8,4.55,2.8,4.375,4.700289413556741,5.505157545605306,5.0455406911928655,4.948777743350564,5.41959022286125,5.59929416902693,5.8382978723404255,5.503308746048472,5.976511319487541,5.86010716925351,5.948285351648222,5.457010785824344,5.516926377597109,4.949557242251739,4.832386363636363,4.859543010752687,5.607777777777779
0,21,inactive,4.4799999999999995,4.199999999999999,2.8,1.4,1.4,2.8,2.8,4.248275862068964,4.697418820649434,4.6890909090909085,4.394444444444444,4.5795555555555545,4.762752341997625,4.5438596491228065,4.765384615384614,4.687574671445639,4.86631455399061,5.0944103194103185,4.5986111111111105,4.571843251088534,4.487179487179487,5.031515151515151,4.494736842105262,4.55
0,21,low,4.4799999999999995,2.8,2.0999999999999996,2.8,1.4,1.4,2.8,4.258333333333334,4.579487179487179,4.469230769230769,4.627368421052632,4.511111111111111,4.598039215686274,4.468686868686868,4.771052631578947,4.659259259259259,4.608085106382979,4.503333333333333,4.88695652173913,4.425806451612902,5.014545454545455,4.923333333333333,4.355555555555555,4.433333333333334
0,22,high,1.4,1.4,1.4,0.0,0.0,0.0,1.4,1.4,1.4518518518518517,1.5555555555555556,1.5217391304347825,1.4,1.4777777777777776,1.54,1.5166666666666664,1.4518518518518517,1.4,1.68,1.551351351351351,1.5555555555555556,1.5931034482758624,1.5166666666666664,1.4,1.5999999999999999
0,22,inactive,0.0,1.4,2.8,0.0,4.199999999999999,0.0,0.0,1.4,1.4,1.5555555555555556,1.4,1.4,1.4,1.4,1.4,1.4,1.4,1.4,1.5166666666666664,1.4,1.4,1.575,1.8666666666666665,1.75
0,22,low,1.4,0.0,1.4,0.0,0.0,1.4,1.4,1.4,1.4,1.4,1.4,1.4,1.4,1.8666666666666665,1.4,1.4,1.4,1.4,1.4,1.4,1.4,1.4,1.4,1.4
0,23,high,4.8999999999999995,4.55,1.4,2.8,0.0,4.8999999999999995,2.8,4.507692307692308,4.946617647058823,4.926645353793691,4.557777777777777,4.611555555555555,5.090032679738561,4.862700228832953,4.883351351351351,4.5648484848484845,4.844063166880068,4.84197022594032,4.8753894381480585,4.386666666666667,4.628726287262872,4.8231974921630085,4.665217391304347,4.385606060606061
0,23,inactive,2.8,1.4,0.0,1.4,0.0,1.4,1.4,4.375,4.277777777777778,4.605429864253394,4.415384615384614,4.199999999999999,4.307692307692307,4.399019607843137,4.63235294117647,4.433333333333334,4.441666666666666,4.356037151702786,4.9544444444444435,4.511111111111111,4.468333333333334,4.705555555555556,4.55,4.3166666666666655
0,23,low,2.8,4.199999999999999,1.4,2.8,1.4,0.0,1.4,4.199999999999999,4.380833333333333,4.299999999999999,4.482828282828282,4.199999999999999,4.532051282051281,4.454545454545455,4.199999999999999,4.8,4.199999999999999,4.475,4.355555555555555,4.433333333333334,5.226666666666666,4.199999999999999,4.199999999999999,3.36
0,24,high,1.6916666666666664,1.5272727272727271,1.4,1.4,1.4,1.7818181818181817,1.4,1.684375,2.104458598726115,1.8754716981132076,1.8293333333333333,1.7666666666666668,1.7536842105263155,1.907692307692308,1.977319587628866,1.957142857142857,1.877519379844961,1.991869918699187,1.7285714285714284,1.7752577319587626,1.821917808219178,1.7612903225806453,1.8,1.68
0,24,inactive,1.75,1.4,1.4,2.0999999999999996,1.4,1.4,1.5999999999999999,1.4,1.6298507462686567,1.645,1.533333333333333,1.54,1.575,1.657894736842105,1.512,1.61875,1.6210526315789473,1.7956521739130433,1.7111111111111112,1.5166666666666664,1.6333333333333333,1.4736842105263157,1.75,1.6624999999999999
0,24,low,1.4,1.4,0.0,1.4,0.0,1.4,1.4,1.4,1.505,1.5217391304347825,1.54,1.5931034482758624,1.55,1.4933333333333336,1.575,1.4636363636363634,1.5806451612903227,1.689655172413793,1.5037037037037038,1.53125,1.4777777777777776,1.6153846153846148,1.4,1.54
0,25,high,4.199999999999999,2.8,4.199999999999999,2.8,2.8,2.8,4.303333333333333,4.255999999999999,4.611764705882353,4.460909090909091,4.5327946127946115,4.589508196721312,4.625031525851198,4.739837398373982,4.8104873294346975,4.796969696969697,4.794944178628389,4.842142857142857,4.7198076923076915,4.631905075807515,4.621848739495798,4.362272727272726,4.390909090909091,4.36470588235294
0,25,inactive,2.8,1.4,1.4,1.4,1.4,0.0,4.199999999999999,2.8,4.309803921568627,4.299999999999999,4.199999999999999,4.55,4.867692307692307,4.689510489510489,4.355555555555555,4.946666666666666,4.733040078201368,4.666666666666666,4.666666666666666,4.253846153846153,4.5606060606060606,5.133333333333334,2.8,3.111111111111111
0,25,low,4.199999999999999,0.0,1.4,0.0,0.0,1.4,4.199999999999999,4.199999999999999,4.245161290322581,2.8,2.9555555555555553,4.199999999999999,2.8,5.133333333333334,4.6977777777777785,4.273684210526315,4.311999999999999,4.533333333333333,4.482608695652173,5.138636363636364,4.199999999999999,2.927272727272727,4.8999999999999995,4.433333333333334
0,26,high,3.08,3.08,1.4,1.4,1.4,2.8,4.199999999999999,4.266666666666666,4.375,4.503636363636363,4.607272727272727,4.573636363636362,4.671969696969696,5.188249158249158,5.493627450980392,4.8670967741935485,4.985427475750056,5.189256198347107,4.6571428571428575,4.959514170040485,4.668023255813954,4.406666666666667,2.916666666666666,4.299999999999999
0,26,inactive,1.4,0.0,2.8,0.0,1.4,2.8,1.4,2.927272727272727,2.8,4.45,4.237837837837838,4.344827586206896,4.307692307692307,4.28235294117647,4.33125,4.439024390243902,2.996,4.728888888888888,4.737894736842105,2.9999999999999996,4.199999999999999,4.3166666666666655,4.55,3.0333333333333337
0,26,low,0.0,1.4,1.4,0.0,1.4,0.0,2.8,2.8,4.199999999999999,2.916666666666666,4.199999999999999,4.327272727272727,4.435869565217391,4.249999999999999,4.34,4.375,4.369696969696969,4.427027027027027,4.361538461538461,4.27,2.8777777777777778,4.34,4.375,3.15
0,27,high,4.748484848484848,4.8999999999999995,4.8999999999999995,2.8,4.666666666666666,3.0333333333333337,4.3940594059405935,4.892222222222222,5.876682508947955,5.371743737763155,4.98243906455863,5.322107603703434,5.432377093029476,5.556741849699596,5.662321416814799,5.67145752717892,5.516907125668496,6.272018246985989,5.911493523658472,5.428846153846154,5.209471037269869,5.227863564251718,4.872,4.773846153846153
0,27,inactive,4.8999999999999995,4.55,2.8,3.5,1.4,2.8,1.4,4.483333333333334,4.6925953079178875,4.6766608391608395,4.384210526315789,4.710775862068965,4.651573854863613,4.842043010752688,4.5821587867975015,4.832065914770041,4.659701492537313,4.813383838383838,4.584422442244224,4.807705479452054,4.42909090909091,4.575609756097561,5.276666666666666,4.8999999999999995
0,27,low,4.355555555555555,1.8666666666666665,1.4,0.0,0.0,2.8,2.84,4.35,4.646257549611734,4.355555555555555,4.199999999999999,4.371171171171171,4.722845417236662,4.670272727272727,4.416666666666667,4.557241379310345,4.564510779436152,4.721212121212121,4.507499999999999,4.737617554858934,4.506376811594203,4.4896551724137925,4.496969696969696,1.496551724137931
0,28,high,1.6333333333333333,1.4,1.4,1.4,0.0,1.4,1.5866666666666664,1.690566037735849,1.8260869565217388,1.68,1.5999999999999999,1.5999999999999999,1.657894736842105,1.6279069767441863,1.4874999999999998,1.694736842105263,1.6916666666666664,1.7721518987341776,1.7393939393939393,1.7599999999999998,1.8836363636363638,1.454901960784314,1.7043478260869565,1.7818181818181817
0,28,inactive,1.4,1.4,1.4,0.0,0.0,1.4,1.4,1.4,1.496551724137931,1.6153846153846148,1.4,1.4,1.4,1.4,1.4,1.4482758620689653,1.7043478260869565,1.4823529411764704,1.589189189189189,1.6210526315789473,1.4777777777777776,1.4874999999999998,1.8,1.6153846153846148
0,28,low,1.4,1.4,0.0,0.0,0.0,1.4,1.4,1.5166666666666664,1.4736842105263157,1.575,1.575,1.4,1.4,1.4,1.4,1.4999999999999998,1.533333333333333,1.4,1.460869565217391,1.575,1.4,1.4933333333333336,1.4,1.4
0,29,high,4.555555555555555,4.666666666666666,4.199999999999999,4.199999999999999,4.199999999999999,2.8,4.199999999999999,4.199999999999999,4.629655172413793,5.007342799188641,4.5485005924710595,4.471717171717171,4.613557213930348,4.647558174373314,4.522368421052632,4.867118644067798,5.04824765478424,5.23807881773399,5.1410050849291355,5.343037974683544,5.220315442955908,5.060709743789135,4.799492143306097,4.853895071542129
0,29,inactive,4.199999999999999,4.199999999999999,4.666666666666666,6.3,5.6,1.4,2.8,4.199999999999999,4.258333333333334,4.265116279069767,4.6499999999999995,4.34,4.433333333333334,4.619999999999999,4.333333333333332,4.633333333333333,4.266666666666666,4.62840909090909,4.6228434886499405,4.460849985927385,4.381481481481481,4.2368421052631575,4.273684210526315,4.511111111111111
0,29,low,4.199999999999999,4.199999999999999,4.199999999999999,1.4,0.0,4.199999999999999,1.4,1.4,4.199999999999999,4.307692307692307,4.666666666666666,4.4799999999999995,4.199999999999999,4.3999999999999995,4.199999999999999,4.199999999999999,4.5,4.394352941176471,4.55158371040724,4.637948717948717,4.598983253588517,4.666666666666666,4.375,5.6
0,30,high,4.3999999999999995,4.666666666666666,4.199999999999999,4.199999999999999,4.199999999999999,2.8,4.666666666666666,4.327272727272727,4.6007319587628865,4.581818181818181,4.527696078431372,4.421587960560456,4.682539682539682,4.8320740740740735,4.7122856872217485,4.789330506977565,5.006891132407454,4.994550809247048,5.2480214810627475,5.680233356211393,5.107704042715484,5.137328260410062,4.705246422893482,4.849673202614379
0,30,inactive,5.6,5.133333333333333,4.199999999999999,6.533333333333333,0.0,2.8,2.8,2.8,4.394026284348865,4.293333333333333,4.199999999999999,4.327272727272727,4.429239766081872,5.133333333333334,4.386666666666667,4.327272727272727,4.3938461538461535,4.572979797979798,4.615508021390374,4.428571428571429,4.543396226415094,4.467555555555555,4.576923076923077,4.199999999999999
0,30,low,5.6933333333333325,2.8,1.4,1.4,0.0,0.0,1.4,2.8,4.307692307692307,4.199999999999999,4.293333333333333,4.199999999999999,4.199999999999999,4.4799999999999995,4.5420454545454545,4.541025641025642,4.347368421052631,5.116666666666666,4.664583333333333,4.366666666666666,4.692592592592592,4.260869565217392,4.725,4.327272727272727
0,31,high,3.15,1.4,0.0,0.0,1.4,2.8,2.860869565217391,4.199999999999999,4.199999999999999,4.273684210526315,4.488888888888889,4.585,4.781818181818182,4.729861111111111,4.886039886039886,4.787228404875463,4.433333333333334,4.601293103448276,4.420606060606061,4.523196448390677,4.367999999999999,4.751515151515151,4.720772946859903,4.494736842105262
0,31,inactive,4.199999999999999,0.0,1.4,2.8,0.0,2.8,2.8999999999999995,1.4,4.199999999999999,4.199999999999999,4.199999999999999,2.8,4.199999999999999,2.8933333333333335,4.5606060606060606,4.307692307692307,4.293333333333333,4.355555555555555,4.199999999999999,4.946666666666666,4.199999999999999,5.799999999999999,6.0666666666666655,3.7333333333333334
0,31,low,1.4,1.4,1.4,1.4,0.0,1.4,1.4,2.8,1.4,4.199999999999999,4.199999999999999,4.199999999999999,4.199999999999999,4.199999999999999,4.199999999999999,2.9749999999999996,4.199999999999999,4.526666666666666,4.199999999999999,4.4799999999999995,4.199999999999999,4.199999999999999,4.355555555555555,2.8
0,32,high,1.7111111111111112,1.4,1.4,0.0,0.0,0.0,1.4,1.4,1.575,2.0999999999999996,1.4,1.4,1.575,1.6333333333333333,1.4,1.4,1.4,1.6153846153846148,1.5272727272727271,1.4,1.4,1.47,1.4,1.75
0,32,inactive,1.4,0.0,0.0,0.0,0.0,0.0,0.0,1.4,1.4,1.4,0.0,1.4,1.4,2.0999999999999996,1.4,1.4,1.4,1.5555555555555556,1.8,1.4,1.7111111111111112,1.4,0.0,1.4
0,32,low,1.4,1.4,0.0,0.0,0.0,0.0,0.0,1.4,0.0,0.0,1.4,1.4,1.4,0.0,1.4,0.0,1.4,1.9599999999999997,1.4,1.4,1.4,1.4,1.4,2.0999999999999996
0,33,high,1.55,1.4,1.4,0.0,1.4,1.6333333333333333,1.4388888888888887,1.8918918918918914,1.8666666666666665,1.7033333333333331,1.5714285714285712,1.6295081967213114,1.7068493150684931,1.6363636363636362,1.914942528735632,1.741025641025641,1.8712871287128712,2.001754385964912,1.8925925925925928,1.7431372549019608,1.8757281553398055,1.9894736842105258,1.669879518072289,1.8479999999999999
0,33,inactive,1.4,1.4,0.0,1.4,0.0,1.4,1.4,1.6177777777777775,1.5302325581395346,1.7111111111111112,1.4636363636363634,1.4451612903225806,1.4,1.5473684210526317,1.4583333333333333,1.6604651162790698,1.5959999999999999,1.6048780487804877,1.6999999999999997,1.4736842105263157,1.4717948717948715,1.5696969696969694,1.5647058823529412,1.4666666666666666
0,33,low,1.4,2.0999999999999996,1.4,0.0,0.0,1.4,1.5999999999999999,1.4636363636363634,1.5354838709677416,1.4,1.5076923076923074,1.4823529411764704,1.4666666666666666,1.4,1.4,1.4,1.612121212121212,1.6470588235294117,1.7612903225806453,1.5272727272727271,1.5555555555555556,1.6333333333333333,1.55,1.4
0,34,high,5.654634146341464,5.188235294117647,3.111111111111111,2.8,4.666666666666666,2.8,4.542222222222222,4.729504504504504,4.905293631100083,5.432260712236882,4.917446049845856,5.289770290111692,5.655478927203065,5.758161014612628,5.9002145831109205,6.023524598055261,6.4749894819088825,6.11860606060606,6.031640129010354,5.402279715961716,5.156680041270205,4.998518518518519,5.96076923076923,5.0086956521739125
0,34,inactive,3.08,4.63076923076923,2.8,2.8,3.266666666666666,2.8,4.299999999999999,4.375,4.255999999999999,4.587769985974754,4.415384615384614,4.596666666666666,4.728684210526315,4.713888888888889,4.770265914585012,4.500869565217392,4.842392954752505,5.081818181818182,4.948484848484848,4.577157802964254,4.700606060606059,3.123076923076923,3.266666666666666,2.851851851851852
0,34,low,5.6,5.522222222222222,1.4,1.4,4.199999999999999,1.4,4.199999999999999,4.55,4.348369565217391,4.3999999999999995,4.418749999999999,4.472222222222222,4.355555555555555,4.508333333333334,4.913725490196078,4.886736842105263,4.84375,4.7970149253731345,4.42,4.474641148325359,4.625384615384615,3.2101010101010106,4.713333333333333,2.9866666666666664
0,35,high,4.563725490196078,4.733076923076923,3.5,2.8,1.4,1.5076923076923074,4.29655172413793,4.833333333333334,4.852214452214452,4.911837587699656,4.633080808080807,4.746723996723996,4.8484033404480185,5.149971703452178,5.208042936553576,4.995359401955146,4.975720480572708,5.2738250790305585,5.494667971138558,5.210897435897436,5.023011863286545,5.181251484913281,5.055726195699869,4.863618190904548
0,35,inactive,4.433333333333334,4.666666666666666,4.199999999999999,4.8999999999999995,0.0,1.4,4.266666666666666,4.355555555555555,4.290322580645161,4.199999999999999,4.4239999999999995,4.34,4.323529411764705,4.33125,4.615701754385966,4.521176470588235,4.676582761250953,4.667173913043478,4.562141148325359,4.61125,4.34,4.664171122994651,5.06,4.5210526315789465
0,35,low,4.199999999999999,2.8,4.199999999999999,7.699999999999999,1.4,0.0,2.9749999999999996,4.199999999999999,4.2518518518518515,4.311999999999999,4.4799999999999995,4.199999999999999,4.473333333333334,4.255999999999999,4.327272727272727,4.413684210526315,4.621666666666666,4.658479532163743,4.5520000000000005,4.75,4.39655172413793,4.307692307692307,5.76470588235294,2.9555555555555553
0,36,high,5.815384615384614,4.199999999999999,1.4,4.8999999999999995,1.4,2.8,1.4,4.263636363636364,4.61010101010101,4.612040133779264,4.734545454545454,4.530666666666666,4.8196571772253405,4.765639097744361,4.761471566848154,4.941746148202494,5.321358528549074,5.156731904318111,5.375721393034826,5.051317523056653,4.966666666666666,4.691919191919192,4.536274509803921,4.457142857142856
0,36,inactive,2.0999999999999996,1.4,1.4,1.4,0.0,2.8,2.8,2.8,4.433333333333334,4.409999999999999,3.1684210526315786,4.367999999999999,4.619999999999999,4.769230769230769,4.888888888888888,4.387499999999999,4.685981973434535,4.680392156862745,4.447058823529412,4.466666666666667,4.691666666666666,4.57655172413793,4.415384615384614,3.3833333333333337
0,36,low,2.0999999999999996,3.5,2.8,0.0,1.4,2.8,2.8,4.199999999999999,4.355555555555555,2.8,3.15,4.34,4.919444444444444,4.260869565217392,4.666666666666666,4.347368421052631,4.685645933014354,4.4823529411764715,4.5616666666666665,5.093103448275862,4.2875,4.557777777777777,4.199999999999999,2.8
0,37,high,4.3933333333333335,4.03030303030303,3.675,2.9749999999999996,3.0333333333333337,2.8,3.003836094158675,4.6765384615384615,5.253174167967266,5.107535089879341,4.7750980392156865,4.840103716508211,4.633333333333333,5.096668761785041,5.083191737464602,5.234385159686364,5.481666702905641,5.564620081411126,5.308549268464657,5.076311502117954,5.131187739463601,5.057219973009446,4.927450980392156,5.313777777777778
0,37,inactive,4.679999999999999,4.199999999999999,2.8,2.8,1.4,2.8,2.916666666666666,2.9918518518518513,4.653916211293261,4.526666666666666,4.3735909822866335,4.545454545454545,4.327272727272727,4.3601880877742945,4.284848484848485,4.387165775401069,5.343589743589743,4.384126984126984,4.499478260869565,4.473333333333334,4.5272727272727264,4.3166666666666655,4.874545454545455,4.748333333333333
0,37,low,2.8,2.8,1.4,2.8,0.0,2.8,4.199999999999999,2.8,4.501948051948051,4.279999999999999,4.263636363636364,4.199999999999999,4.365846153846153,3.087636363636363,4.199999999999999,4.311999999999999,4.33125,4.46970588235294,2.9236467236467236,4.494612794612794,4.625874125874126,4.35,2.8,4.299999999999999
0,38,high,4.708547008547009,3.1377192982456137,4.8999999999999995,4.199999999999999,4.666666666666666,2.8,2.8,2.9999999999999996,4.72648556876061,4.522368421052632,4.633333333333333,4.640740740740741,4.911320754716981,4.794812164579606,4.6812499999999995,4.731175836030205,5.077333333333334,5.225301368007584,4.905465903175429,6.127083333333332,4.998128800873226,4.598829882988299,4.620063839489285,5.712164343360234
0,38,inactive,2.8,2.8,0.0,2.8,1.4,0.0,1.4,2.8,2.94,4.354202898550724,4.199999999999999,3.0490118577075096,4.633333333333333,4.2518518518518515,4.447058823529412,4.238888888888888,4.843859649122806,4.951935483870967,4.438297872340425,3.22051282051282,4.375,4.469230769230769,4.936842105263158,3.2984848484848484
0,38,low,2.8,2.8,1.4,2.8,0.0,0.0,2.8,2.8,2.907692307692307,4.199999999999999,4.433333333333334,4.355555555555555,4.448684210526315,4.34,4.521739130434782,4.327272727272727,4.36470588235294,4.660645161290322,2.9499999999999997,3.3727272727272726,3.01,3.0545454545454547,3.36,3.0333333333333337
0,39,high,1.5555555555555556,3.5,2.8,1.4,1.8666666666666665,1.4,2.8,3.08,3.0333333333333337,2.8874999999999997,4.3166666666666655,4.42909090909091,4.528124999999999,4.379487179487179,4.4799999999999995,2.8933333333333335,4.383333333333333,3.27191011235955,4.844383561643836,4.515492957746479,3.089655172413793,1.7043478260869565,2.9098039215686273,4.439024390243902
0,39,inactive,1.4,3.15,1.4,1.4,1.4,0.0,1.4,1.4,2.927272727272727,1.5166666666666664,1.575,2.9866666666666664,2.8666666666666663,3.066666666666667,1.4736842105263157,4.344827586206896,2.851851851851852,4.34,5.707692307692307,1.607407407407407,4.454545454545455,2.927272727272727,2.8,4.199999999999999
0,39,low,2.8,1.4,1.4,1.4,0.0,1.4,0.0,1.4,2.9749999999999996,1.4,1.4,2.8777777777777778,3.0210526315789474,1.4,1.4,2.8,2.9647058823529404,4.273684210526315,4.592,2.88235294117647,1.575,2.8933333333333335,2.8,2.8
0,40,high,4.568571428571428,4.709090909090909,4.3999999999999995,4.8999999999999995,4.199999999999999,2.8,2.8,4.3826086956521735,4.399489247311828,4.589462189462189,4.507692307692308,4.378723404255319,4.503483870967742,4.728274853801169,4.40515995872033,4.7405197740112985,4.931682206682207,5.284039103595705,4.812022955523673,5.2146654332408255,5.016666666666666,4.870833333333334,4.908333333333333,5.363448275862069
0,40,inactive,4.327272727272727,2.88235294117647,4.199999999999999,1.4,1.4,0.0,2.8,5.6,4.511111111111111,4.361538461538461,4.433333333333334,4.607692307692307,4.199999999999999,4.199999999999999,4.702020202020202,4.593939393939393,4.258333333333334,4.733333333333333,4.34,4.652083333333334,4.441379310344828,4.5,4.411555555555555,4.386666666666667
0,40,low,4.299999999999999,4.55,4.199999999999999,1.4,1.4,0.0,2.8,4.199999999999999,4.199999999999999,4.199999999999999,4.4799999999999995,4.199999999999999,4.347368421052631,4.619999999999999,4.2875,4.355555555555555,4.199999999999999,4.27,4.27,4.4255555555555555,4.475757575757576,4.361538461538461,4.977777777777778,4.299999999999999
0,41,high,5.109999999999999,4.199999999999999,4.199999999999999,4.199999999999999,2.8,1.4,4.199999999999999,4.379487179487179,4.613297872340426,4.891972787567832,4.699213551119177,4.928452758402028,5.116010436432638,4.931351351351351,5.044942233632863,5.4042913608131,5.542354965585054,5.751040068201193,5.5600009346568635,5.543840406169172,5.435090497737556,5.354145284525032,5.206038647342996,5.211849421201348
0,41,inactive,5.098333333333333,4.199999999999999,1.4,1.4,0.0,1.4,2.8,2.8,4.33125,4.694612794612794,4.415384615384614,4.475882352941176,4.3817829457364335,4.57651515151515,4.313513513513513,4.507917888563049,4.7430555555555545,4.875895090681675,4.733838383838384,4.69925,4.843135198135199,4.780392156862745,4.788717948717948,4.771014492753623
0,41,low,2.8,2.8,4.199999999999999,2.8,2.8,0.0,0.0,4.454545454545455,4.199999999999999,4.346666666666667,4.4624999999999995,4.266666666666666,4.781,4.627272727272726,4.327272727272727,4.669053708439898,4.5064946236559145,4.488275862068965,4.7948994252873565,4.658666666666667,4.574035087719298,4.355555555555555,4.652941176470588,4.4624999999999995
0,42,high,5.332558139534883,5.031372549019607,4.199999999999999,4.199999999999999,2.8,2.8,4.433333333333334,4.333333333333332,4.664545454545454,4.509671993271657,4.570524130773222,4.646610761705101,4.975973487986743,4.877634408602151,4.840184214064811,5.354140752864157,5.33121222234583,5.724528717406623,5.202921472897329,5.307865430372605,5.513929234725462,5.1169950389794465,4.982202196564348,5.097222222222221
0,42,inactive,4.8999999999999995,3.5,2.8,2.8,1.4,1.4,1.4,4.199999999999999,4.604444444444445,4.747999999999999,4.4799999999999995,4.607272727272727,4.704583333333333,4.355555555555555,4.546464646464646,4.89247311827957,4.347368421052631,4.6285135135135125,4.540967101531481,5.005555555555555,4.605691056910568,4.774,4.507017543859649,3.08
0,42,low,4.293333333333333,4.3999999999999995,1.4,0.0,1.4,1.4,0.0,2.8,3.0545454545454547,4.36470588235294,4.199999999999999,4.199999999999999,4.377536231884058,4.199999999999999,4.34,4.409999999999999,4.607407407407407,4.569696969696969,4.686451612903226,4.37037037037037,4.345989304812834,4.258333333333334,4.199999999999999,4.299999999999999
0,43,high,3.266666666666666,2.8,1.4,2.8,0.0,1.4,2.8,4.408510638297872,4.434248366013072,4.406236559139785,4.39090909090909,4.454545454545454,4.28235294117647,4.635397074190177,4.691272727272726,4.477846153846153,4.515686274509804,4.542857142857143,4.525136612021858,4.606491228070175,4.586666666666666,4.551351351351351,4.3354838709677415,4.323529411764705
0,43,inactive,1.4,2.8,0.0,0.0,0.0,0.0,1.4,4.263636363636364,4.55,4.2875,4.3166666666666655,4.199999999999999,4.422352941176471,4.199999999999999,2.8,4.199999999999999,4.299999999999999,4.199999999999999,4.293333333333333,4.958333333333333,4.666666666666666,4.8999999999999995,4.199999999999999,4.386666666666667
0,43,low,1.4,1.4,1.4,0.0,1.4,0.0,2.8,4.199999999999999,4.199999999999999,4.299999999999999,4.199999999999999,2.94,4.199999999999999,4.199999999999999,4.355555555555555,4.199999999999999,4.454545454545455,4.199999999999999,3.123076923076923,3.266666666666666,4.199999999999999,2.9999999999999996,1.5555555555555556,2.8
0,44,high,4.657692307692307,3.08,4.199999999999999,4.199999999999999,1.75,4.199999999999999,4.199999999999999,4.327272727272727,4.953483726804624,5.237369057211926,4.523659043659043,4.603415697674419,4.674444444444444,4.574358974358975,4.4007326007326,4.573399014778325,4.609675345548054,5.196389262949995,5.108888888888888,4.606630380999505,4.885283063190039,4.89600753856073,4.639429590017825,4.760446570972886
0,44,inactive,5.133333333333334,2.8,4.199999999999999,4.199999999999999,1.4,1.4,2.8,4.199999999999999,4.446790697674418,4.322807017543859,4.28235294117647,4.199999999999999,4.199999999999999,4.375,4.199999999999999,4.293333333333333,4.4799999999999995,4.46125356125356,4.582608695652174,4.485185185185186,4.447692307692308,4.666666666666666,4.38235294117647,4.199999999999999
0,44,low,4.199999999999999,2.8,1.4,1.4,2.8,1.4,2.8,2.8,4.518677727501258,4.275675675675675,4.199999999999999,4.5986111111111105,4.199999999999999,4.199999999999999,4.4799999999999995,4.307692307692307,4.3972727272727266,4.421052631578947,4.433333333333334,4.467272727272727,4.375,4.3933333333333335,4.4799999999999995,4.511111111111111
0,45,high,2.94,2.916666666666666,1.4,2.8,2.8,1.4,4.46078431372549,4.428205128205129,4.479446640316205,4.4870096589789075,4.712884615384615,4.6465174129353235,5.070697674418604,3.4184347826086947,3.4059655324790103,4.822836538461538,5.235499254843517,5.544649122807018,5.552292993630573,5.419780481985207,3.5611833258628414,5.142952127659574,3.339152759948652,4.6896216216216215
0,45,inactive,2.94,3.15,2.8,1.4,0.0,0.0,2.907692307692307,4.355555555555555,3.1550724637681156,4.537272727272727,4.482051282051281,4.574705882352941,2.909090909090909,2.94,4.260869565217392,2.8,3.1760135135135132,3.2206140350877193,4.628460038986353,3.236417615042059,3.2397435897435893,4.3999999999999995,4.486666666666666,3.4784615384615383
0,45,low,2.8,2.8,2.8,0.0,0.0,1.4,2.8,2.8,2.8874999999999997,2.9647058823529404,2.949019607843137,2.9749999999999996,3.215384615384615,2.9999999999999996,2.995192307692307,2.8482758620689643,4.400956937799042,3.0757575757575752,3.0684510750329093,3.0896078431372556,3.0667832167832163,2.8,2.9999999999999996,4.293333333333333
0,46,high,2.9999999999999996,3.15,2.8,1.4,1.4,1.4,2.8,2.9514619883040933,3.6301369863013697,4.464439720619495,2.939102564102564,2.92962962962963,3.0739130434782607,3.2499999999999996,3.2046620046620045,3.04325,3.2236065573770496,4.78969696969697,3.1835416666666663,4.81025641025641,3.265418894830659,3.3972027972027967,3.7717647058823536,4.624786324786324
0,46,inactive,2.8,3.966666666666666,1.4,2.8,1.4,1.4,2.8,2.8,3.0453488372093025,4.375897435897436,2.8,4.199999999999999,2.8999999999999995,2.8874999999999997,2.8,3.266666666666666,2.860869565217391,4.199999999999999,2.8874999999999997,2.8,4.199999999999999,2.8,4.666666666666666,3.15
0,46,low,2.8,1.4,1.4,2.0999999999999996,0.0,0.0,1.4,2.8,3.0039167686658503,4.199999999999999,4.199999999999999,2.8,2.8,2.8,4.199999999999999,2.8,2.8,2.8,3.1876923076923074,2.9555555555555553,2.9749999999999996,2.8,3.08,2.8
0,47,high,4.810909090909091,4.527659574468085,3.0545454545454547,3.5,4.199999999999999,4.199999999999999,4.3999999999999995,4.789473684210526,5.147916666666666,5.257575757575757,4.949382716049382,5.434666666666667,5.527812152943043,5.2197499999999994,5.344210526315789,5.57578947368421,5.554598617756513,5.80125,5.972457786116322,5.6445834994021515,5.174547600314713,4.9875,4.994444444444444,4.583561643835616
0,47,inactive,2.912,2.8,3.5,1.4,4.199999999999999,1.4,3.3249999999999997,2.902439024390244,4.6239837398373975,4.402898550724637,4.501538461538462,3.111111111111111,4.578378378378378,4.513432835820895,3.0767441860465112,4.770682730923695,4.924371373307544,4.854685990338163,4.527659574468085,6.312962962962964,7.254545454545454,5.142307692307693,4.725,4.469230769230769
0,47,low,4.2875,3.181818181818181,1.68,1.4,2.8,2.8,2.8,4.199999999999999,4.559459459459459,4.35,4.305,2.9921568627450985,2.8699999999999997,3.2569811320754716,3.2953846153846142,3.08,4.682898550724637,4.8999999999999995,4.6,4.4676470588235295,4.417241379310344,5.142307692307693,4.4799999999999995,4.34
0,48,high,4.3166666666666655,2.8,2.8,2.8,1.8666666666666665,2.8,4.199999999999999,4.199999999999999,4.507692307692308,4.494202898550724,4.258333333333334,4.241176470588234,4.609999999999999,4.398996655518395,4.861111111111111,4.55,4.682648401826484,5.07932098765432,4.725938697318008,4.664836601307189,4.4793859649122805,4.6498064516129025,4.688705882352941,4.355555555555555
0,48,inactive,4.199999999999999,4.199999999999999,2.8,0.0,1.4,0.0,1.4,2.8,4.199999999999999,1.4,2.8,2.9749999999999996,4.8999999999999995,5.6,3.181818181818181,4.199999999999999,4.540869565217391,4.344827586206896,4.199999999999999,4.355555555555555,4.327272727272727,3.616666666666666,4.199999999999999,4.199999999999999
0,48,low,4.199999999999999,2.8,2.8,2.8,2.8,0.0,1.4,2.8,4.199999999999999,2.8,4.55,4.199999999999999,4.4799999999999995,4.375,4.199999999999999,2.94,4.2518518518518515,4.375,4.263636363636364,4.355555555555555,4.199999999999999,4.433333333333334,4.199999999999999,4.355555555555555
0,49,high,4.511111111111111,3.323076923076923,3.08,4.8999999999999995,4.199999999999999,2.8,2.8,2.912,4.499254349627174,4.783483870967743,4.97050032488629,4.942537410540013,4.960930232558138,5.133333333333334,5.239814814814815,5.18,5.35635189845716,5.4589537869062905,5.34263250978908,5.191304347826087,5.432686084142394,5.0693384838242395,4.937951807228916,4.690196078431373
0,49,inactive,4.199999999999999,2.8,1.4,3.5,1.4,2.8,1.4,4.199999999999999,3.107017543859649,4.241176470588234,4.29655172413793,5.25,4.72,4.762828282828282,4.397674418604651,4.257142857142857,4.46060606060606,4.8533333333333335,4.580085106382979,4.557608695652174,4.4889361702127655,4.574999999999999,4.573333333333333,4.925
0,49,low,2.8,3.266666666666666,4.199999999999999,1.4,0.0,0.0,2.8,2.8,2.860869565217391,4.459259259259259,2.8874999999999997,4.249999999999999,5.3999999999999995,4.472222222222222,2.835897435897435,4.4799999999999995,4.303703703703704,4.594545454545455,4.601206636500754,4.551794871794872,4.355555555555555,4.906666666666666,4.277777777777778,4.413888888888889
0,50,high,4.266666666666666,2.8,1.4,3.6399999999999997,1.75,1.4,1.4,5.6,4.199999999999999,4.199999999999999,4.199999999999999,2.8,4.199999999999999,4.199999999999999,4.199999999999999,3.266666666666666,4.999999999999999,5.676436781609196,4.279999999999999,4.199999999999999,4.28235294117647,4.33125,4.2518518518518515,4.299999999999999
0,50,inactive,1.4,0.0,1.4,1.4,1.4,0.0,1.4,2.8,1.4,2.8,1.4,1.4,2.8,4.199999999999999,1.4,4.199999999999999,2.8,2.8,2.94,2.8,2.8,1.4,3.0545454545454547,4.34
0,50,low,1.4,1.4,0.0,0.0,0.0,0.0,1.4,1.4,1.4,2.8,4.199999999999999,2.8,2.8,2.8,2.8,1.4,4.199999999999999,4.199999999999999,1.4,3.266666666666666,2.8,1.575,1.75,1.4
1,1,high,0.0,1.4,1.4,0.0,0.0,0.0,0.0,0.0,0.0,0.0,0.0,0.0,0.0,0.0,1.4,1.4,0.0,0.0,1.4,0.0,1.4,1.4,0.0,1.4
1,1,inactive,1.4,0.0,0.0,1.4,0.0,0.0,0.0,0.0,0.0,0.0,0.0,0.0,0.0,0.0,0.0,0.0,0.0,0.0,1.4,0.0,1.4,0.0,1.4,1.4
1,1,low,1.4,0.0,0.0,0.0,0.0,0.0,0.0,0.0,0.0,0.0,0.0,0.0,0.0,0.0,0.0,0.0,0.0,0.0,0.0,0.0,1.4,0.0,1.4,0.0
1,2,high,1.612121212121212,2.3081081081081085,1.68,2.0999999999999996,1.4,0.0,1.4,1.575,1.4,1.4,1.4,1.54,1.5866666666666664,1.6545454545454548,1.5166666666666664,1.6153846153846148,1.48,1.6624999999999999,1.590909090909091,1.8516129032258066,1.6153846153846148,1.7379310344827585,1.786206896551724,1.6470588235294117
1,2,inactive,1.575,1.68,1.5999999999999999,1.4,1.4,1.4,1.4,1.4,1.4,1.4,1.4,1.4,1.4,1.4,1.5999999999999999,1.4,1.4,1.7818181818181817,1.4,1.4,1.4,1.4,2.0,1.6545454545454548
1,2,low,1.7111111111111112,1.6333333333333333,1.4,1.4,1.4,0.0,1.4,1.4,1.4,1.4,1.4,1.4,0.0,1.4,1.4,1.5555555555555556,1.5999999999999999,1.4,1.4,1.4,1.4,1.4,1.4,1.5272727272727271
1,3,high,1.4,1.4,0.0,0.0,0.0,0.0,0.0,0.0,1.4,0.0,0.0,1.4,0.0,1.4,1.4,1.4,1.4,0.0,1.4,1.4,0.0,0.0,0.0,0.0
1,3,inactive,1.4,0.0,0.0,0.0,0.0,0.0,0.0,0.0,0.0,0.0,0.0,1.4,1.4,0.0,0.0,0.0,1.4,0.0,0.0,0.0,0.0,0.0,0.0,0.0
1,3,low,0.0,0.0,0.0,0.0,0.0,0.0,0.0,0.0,1.4,0.0,1.4,0.0,0.0,0.0,0.0,0.0,0.0,1.4,0.0,0.0,0.0,0.0,0.0,0.0
1,4,high,5.18,4.608184143222506,4.698076923076923,5.6,8.75,2.8,2.8,1.4,2.8,4.199999999999999,4.433333333333334,4.415384615384614,4.433333333333334,4.669053708439898,4.6878787878787875,4.455555555555556,4.952051282051282,5.055686274509804,4.44,4.63076923076923,5.223076923076923,4.8,4.593464052287581,4.833712121212122
1,4,inactive,6.533333333333332,11.399999999999999,10.266666666666666,7.0,4.199999999999999,2.0999999999999996,3.5,4.199999999999999,1.4,1.4,4.199999999999999,4.199999999999999,4.199999999999999,2.8,4.4799999999999995,4.666666666666666,4.199999999999999,4.8999999999999995,4.8999999999999995,4.4799999999999995,4.55,4.199999999999999,5.6,4.4799999999999995
1,4,low,4.666666666666666,4.433333333333334,5.6,2.8,0.0,5.6,1.4,1.4,2.8,2.8,2.8,4.199999999999999,4.199999999999999,4.199999999999999,2.8,2.8,4.55,4.199999999999999,4.199999999999999,4.199999999999999,4.199999999999999,2.8,4.199999999999999,4.199999999999999
1,5,high,2.1933333333333334,2.3099999999999996,2.7263157894736847,1.8666666666666665,1.4,1.4,1.4,1.4,1.4,1.54,1.6210526315789473,1.575,1.6545454545454548,2.033333333333333,1.9025641025641025,1.6258064516129032,1.9,1.8666666666666665,1.9215686274509802,2.03,2.364444444444444,1.9025641025641025,2.0999999999999996,1.854054054054054
1,5,inactive,1.5999999999999999,1.9599999999999997,1.6153846153846148,1.4,0.0,0.0,1.4,1.4,1.4,0.0,1.4,1.4,1.54,2.036363636363636,1.8666666666666665,1.5076923076923074,1.5555555555555556,1.6210526315789473,1.4874999999999998,1.9249999999999998,1.5866666666666664,1.4874999999999998,1.8666666666666665,1.54
1,5,low,1.6470588235294117,1.5076923076923074,1.5076923076923074,1.8666666666666665,0.0,1.4,1.4,0.0,1.4,1.4,1.6333333333333333,1.575,1.4,1.5076923076923074,1.4,1.5076923076923074,1.4,1.5647058823529412,1.811764705882353,1.9599999999999997,1.7818181818181817,1.5076923076923074,1.5272727272727271,1.54
1,6,high,2.003448275862069,1.9115384615384614,1.7266666666666666,1.4999999999999998,1.8199999999999998,1.4,1.4,1.4,1.4,1.4736842105263157,1.8,1.84390243902439,1.61875,1.7612903225806453,2.2166666666666663,1.731578947368421,2.28780487804878,1.8136363636363635,2.1241379310344826,1.7019607843137252,2.1155555555555554,1.9782608695652173,2.0708333333333333,2.1777777777777776
1,6,inactive,1.7230769230769232,1.6413793103448273,1.5076923076923074,1.575,1.4,1.4,2.3333333333333335,1.4,1.68,1.6333333333333333,1.4,1.575,1.6153846153846148,1.4,1.68,1.6153846153846148,1.4777777777777776,1.68,1.5999999999999999,1.68,1.7230769230769232,1.7111111111111112,1.7294117647058824,1.5473684210526317
1,6,low,1.6333333333333333,1.5555555555555556,1.4,1.4,1.8666666666666665,2.0999999999999996,1.4,0.0,1.4,1.4,1.4,1.4,1.54,1.4,1.6545454545454548,1.8199999999999998,1.6210526315789473,1.4999999999999998,1.75,1.4,1.5647058823529412,1.4,1.4,1.4
1,8,high,2.058823529411765,1.5217391304347825,1.575,1.4,1.4,0.0,0.0,0.0,1.4,1.4,1.75,1.5999999999999999,1.4,1.7684210526315787,1.718181818181818,1.6210526315789473,1.7684210526315787,1.9833333333333334,1.718181818181818,1.75,3.1333333333333333,2.036363636363636,2.388235294117647,1.694736842105263
1,8,inactive,1.4,1.4,2.0999999999999996,1.68,0.0,1.4,0.0,0.0,1.4,1.4,1.4,1.4,1.4,1.4,1.5166666666666664,1.4933333333333336,1.4,1.4,1.7111111111111112,2.5666666666666664,1.7230769230769232,1.68,1.75,1.75
1,8,low,1.5555555555555556,1.4,1.4,1.4,1.4,0.0,0.0,0.0,1.4,1.4,1.4,1.8666666666666665,1.4,1.4,1.4,1.6333333333333333,1.4,1.4,1.68,1.5272727272727271,2.2399999999999998,2.0999999999999996,1.8666666666666665,1.575
1,9,high,6.014814814814814,6.2397222222222215,5.627206477732794,6.088888888888888,4.355555555555555,3.7333333333333334,5.18,5.6,4.199999999999999,4.4624999999999995,5.39,5.124179487179487,5.196681749622926,5.83343023255814,5.749058149058149,5.848146370551362,5.869280580658933,5.986363636363636,5.584615384615384,5.960137988461309,6.5633333333333335,5.7064141414141405,6.051656095842141,5.380107526881719
1,9,inactive,4.773333333333333,6.6499999999999995,5.7749999999999995,6.3,22.4,11.2,4.199999999999999,3.5,4.199999999999999,2.8,4.4799999999999995,4.355555555555555,4.832692307692307,5.297435897435897,4.710576923076922,4.765384615384614,4.686111111111111,5.686437246963561,5.017243964612385,4.991503267973855,5.032222222222221,5.408771929824561,4.355555555555555,4.54
1,9,low,4.961764705882353,4.946666666666666,4.8999999999999995,5.25,2.8,5.133333333333334,2.8,4.199999999999999,2.8,4.199999999999999,4.34,4.4799999999999995,4.713333333333333,4.307692307692307,5.264358974358974,5.054545454545455,5.03974358974359,5.121739130434783,4.6220095693779895,4.714358974358974,5.009803921568628,4.467272727272727,4.810555555555555,4.4799999999999995
1,10,high,2.0999999999999996,0.0,1.4,1.4,0.0,0.0,0.0,1.4,0.0,1.4,1.4,1.4,1.4,1.4,1.4,1.4,1.4,1.4,1.9090909090909087,1.4,1.4,1.8666666666666665,1.4,2.0999999999999996
1,10,inactive,0.0,0.0,0.0,0.0,1.4,0.0,0.0,0.0,1.4,1.4,0.0,1.4,0.0,1.4,1.4,1.4,0.0,1.4,1.4,1.4,1.4,1.4,1.4,0.0
1,10,low,0.0,0.0,1.4,0.0,0.0,0.0,0.0,0.0,0.0,0.0,1.4,0.0,0.0,1.4,0.0,1.4,1.4,1.4,2.8,1.4,0.0,1.4,0.0,1.4
1,11,high,1.4,1.4,1.4,1.4,0.0,0.0,1.4,0.0,0.0,1.4,1.4,1.4,1.575,1.54,1.4,1.5076923076923074,1.6624999999999999,1.5555555555555556,1.4,1.5166666666666664,1.4,1.5999999999999999,1.4,1.4
1,11,inactive,1.4,1.4,0.0,0.0,0.0,0.0,1.4,0.0,0.0,1.4,1.4,1.4,1.4,1.4,1.4,1.4,1.4,1.4,1.4,1.4,1.4,1.4,1.4,1.4
1,11,low,1.4,0.0,1.4,1.4,0.0,0.0,0.0,0.0,0.0,0.0,1.4,1.4,1.4,1.4,1.4,1.4,1.68,1.4,1.4,1.4,1.4,1.8666666666666665,1.4,1.4
1,12,high,5.07688093752167,5.026923076923076,4.7,4.199999999999999,6.0666666666666655,2.8,4.199999999999999,2.8,4.421052631578947,4.526666666666666,6.015942028985507,5.360795454545454,5.207575757575757,5.552182163187855,5.685217391304348,5.82888265544647,5.2116550116550115,5.378333333333333,5.000930232558139,5.049074074074074,4.888333333333334,4.976282051282052,4.680311890838206,4.998518518518519
1,12,inactive,4.6,4.783333333333333,4.666666666666666,1.4,1.4,0.0,0.0,4.199999999999999,4.199999999999999,2.8,4.82,4.199999999999999,4.7444444444444445,4.482692307692307,5.586666666666668,4.3999999999999995,5.662962962962963,5.436666666666666,4.993333333333333,4.678632478632479,4.355555555555555,4.3166666666666655,4.666666666666666,5.506666666666666
1,12,low,4.76,5.18,3.08,1.4,1.75,1.4,2.8,2.8,2.8,4.199999999999999,3.0333333333333337,3.0333333333333337,4.355555555555555,4.421052631578947,4.3999999999999995,2.921739130434782,4.469230769230769,4.581818181818181,4.4799999999999995,4.199999999999999,4.27,2.9555555555555553,4.588888888888889,4.55
1,13,high,1.4,1.4,1.4,1.4,0.0,0.0,0.0,0.0,1.4,0.0,1.4,0.0,1.4,1.68,2.8,1.4,1.4,1.6333333333333333,1.4,1.4,1.6333333333333333,1.4,1.4,1.4
1,13,inactive,1.4,0.0,0.0,1.4,0.0,0.0,0.0,0.0,1.4,1.4,1.4,0.0,1.4,1.4,2.8,0.0,2.3333333333333335,1.4,1.4,1.4,1.4,0.0,1.4,2.8
1,13,low,0.0,1.4,0.0,1.4,0.0,0.0,0.0,0.0,1.4,1.4,0.0,1.4,0.0,1.4,1.4,1.4,1.4,1.4,0.0,1.4,1.4,0.0,0.0,1.4
1,14,high,4.615701754385966,4.785576923076923,4.4799999999999995,4.199999999999999,4.199999999999999,2.8,2.8,2.8,4.55,5.479705882352941,5.110680813439434,5.046050670640835,5.873554499736045,5.835235732009925,6.023514049426899,5.863523714570574,6.178582202111614,5.398446833930706,5.854354354354353,4.77037617554859,5.005555555555555,5.268376068376068,4.443478260869565,4.922105263157895
1,14,inactive,4.83,3.266666666666666,2.8,4.199999999999999,1.4,0.0,2.8,0.0,4.199999999999999,4.355555555555555,4.949999999999999,4.503333333333333,4.8969696969696965,4.733333333333333,4.694117647058824,5.061538461538462,5.0771980676328505,4.923599162985353,4.874449472096531,4.915555555555555,4.588888888888889,4.783333333333333,5.46,4.3999999999999995
1,14,low,4.8999999999999995,4.199999999999999,4.199999999999999,3.5,1.4,1.4,1.4,1.4,4.199999999999999,4.199999999999999,4.199999999999999,4.293333333333333,4.966555183946489,4.587058823529412,4.727058823529411,4.633333333333333,4.660833333333333,4.504347826086956,4.327272727272727,4.4799999999999995,5.833333333333333,2.8,4.55,4.199999999999999
1,15,high,1.6882352941176468,1.6916666666666664,1.5272727272727271,2.8,1.4,1.4,0.0,1.4,1.6545454545454548,1.8199999999999998,1.9,1.7111111111111112,2.352,2.121212121212121,2.32,2.529032258064515,2.066666666666667,2.352,1.9764705882352942,2.746153846153845,3.8,2.38,2.1677419354838707,1.75
1,15,inactive,1.4,1.6545454545454548,2.3333333333333335,2.8,2.8,4.199999999999999,0.0,1.4,1.54,1.4,1.575,1.7818181818181817,1.6545454545454548,2.2399999999999998,2.418181818181818,1.6624999999999999,1.4999999999999998,1.54,1.9249999999999998,3.383333333333333,4.4799999999999995,1.5166666666666664,2.3333333333333335,1.7230769230769232
1,15,low,1.7111111111111112,1.68,1.4,0.0,1.4,0.0,0.0,1.4,1.4,2.2399999999999998,2.3333333333333335,1.4,1.5555555555555556,1.4,1.8666666666666665,1.6153846153846148,1.47,1.4933333333333336,1.5555555555555556,1.8,6.0666666666666655,1.8,1.4,1.75
1,16,high,1.5999999999999999,1.4,1.8666666666666665,1.4,1.8666666666666665,0.0,0.0,1.4,0.0,1.4,1.4,2.0999999999999996,1.4,1.54,1.7230769230769232,1.75,1.4,1.4,1.7111111111111112,1.5555555555555556,1.4,1.5555555555555556,1.7111111111111112,1.4
1,16,inactive,1.4,1.4,1.4,0.0,1.4,0.0,1.4,1.4,1.4,1.4,0.0,1.4,1.4,1.4,1.4,1.4,1.4,0.0,1.4,1.4,1.4,1.4,1.4,1.4
1,16,low,1.4,1.4,1.4,0.0,0.0,1.4,1.4,0.0,0.0,1.4,0.0,1.4,1.4,1.4,1.68,1.4,1.4,1.4,1.9599999999999997,1.4,1.4,2.0999999999999996,1.4,1.4
1,17,high,1.5999999999999999,1.4,1.8666666666666665,1.4,1.4,1.4,1.4,1.4,1.4,1.4,1.8666666666666665,1.4,1.4,1.4,1.4,1.4,1.5866666666666664,1.7111111111111112,1.4,1.4,1.4,1.5999999999999999,1.4,1.4
1,17,inactive,0.0,0.0,0.0,1.4,1.4,1.4,0.0,0.0,1.4,2.8,1.4,1.4,1.4,1.4,1.4,1.4,1.4,1.4,1.4,1.4,1.4,1.4,1.4,1.4
1,17,low,0.0,1.4,0.0,1.4,1.4,0.0,1.4,0.0,2.8,0.0,1.4,1.4,1.4,1.4,1.4,1.4,1.4,1.4,1.4,0.0,1.4,0.0,0.0,1.4
1,18,high,1.4,0.0,0.0,1.4,0.0,1.4,1.4,0.0,0.0,1.4,1.4,1.4,1.4,1.4,1.4,1.4,1.4,1.4,1.4,1.4,1.68,1.4,1.4,1.4
1,18,inactive,0.0,0.0,0.0,0.0,1.4,1.4,1.4,0.0,1.4,1.4,0.0,0.0,1.4,1.4,1.4,0.0,1.4,0.0,1.4,1.4,1.4,1.4,1.4,0.0
1,18,low,0.0,1.4,0.0,0.0,0.0,1.4,0.0,1.4,0.0,0.0,1.4,0.0,1.4,1.4,1.4,1.4,0.0,1.4,1.4,1.4,1.4,1.4,1.4,1.4
1,19,high,4.447058823529412,5.211111111111111,4.433333333333334,4.783333333333333,2.8,0.0,1.4,4.199999999999999,2.8,4.34,4.6,4.421052631578947,4.540392156862745,4.44,4.909090909090909,4.34,5.164743589743589,4.598039215686274,4.520833333333333,4.574999999999999,4.555384615384615,5.18,4.836363636363636,4.34
1,19,inactive,4.199999999999999,3.266666666666666,7.0,1.4,0.0,1.4,0.0,1.4,2.8,4.199999999999999,4.199999999999999,4.6,2.916666666666666,2.8,5.6,4.3999999999999995,3.266666666666666,4.199999999999999,4.199999999999999,4.666666666666666,5.133333333333334,4.199999999999999,2.8,4.55
1,19,low,2.8,4.199999999999999,1.4,0.0,2.8,0.0,0.0,0.0,1.4,4.199999999999999,6.066666666666667,4.199999999999999,4.199999999999999,4.76,2.8,4.199999999999999,4.55,4.8999999999999995,4.8999999999999995,4.199999999999999,4.199999999999999,4.4799999999999995,4.199999999999999,5.6
1,20,high,1.4,1.4,0.0,0.0,0.0,0.0,0.0,0.0,0.0,0.0,0.0,1.4,1.4,1.4,2.3333333333333335,1.4,1.4,1.8666666666666665,1.75,1.4,1.4,1.68,1.4,1.4
1,20,inactive,0.0,1.4,1.4,0.0,0.0,0.0,0.0,1.4,0.0,0.0,0.0,0.0,1.4,2.8,1.4,1.4,0.0,1.4,0.0,1.4,1.4,1.4,0.0,0.0
1,20,low,1.4,0.0,0.0,0.0,0.0,0.0,0.0,0.0,0.0,0.0,0.0,0.0,0.0,1.4,1.4,1.4,0.0,0.0,1.4,1.4,0.0,0.0,1.4,1.4
1,21,high,4.875581395348838,4.263636363636364,5.288888888888889,4.327272727272727,5.6,2.8,3.2199999999999998,4.55,4.935897435897435,4.868888888888889,5.2718974358974355,5.64,6.511944444444444,6.151515151515152,6.66869395711501,6.332192513368984,6.5138694638694625,5.327875,5.426829268292684,4.786046511627906,4.702564102564103,5.074999999999999,5.500833333333333,4.627777777777778
1,21,inactive,4.375,2.8,3.36,2.8,2.8,1.4,1.4,3.5,4.375,3.3400000000000003,4.7,4.918716577540107,4.727668845315904,4.924331550802139,4.977777777777778,4.989090909090908,5.147272727272726,4.868888888888889,4.854347826086956,4.507017543859649,5.366666666666666,4.4624999999999995,4.666666666666666,4.199999999999999
1,21,low,5.6,2.8,4.55,0.0,2.8,0.0,2.8,1.4,2.8,4.199999999999999,5.04,4.675,4.386666666666667,4.704545454545454,5.190769230769231,4.802777777777778,4.394444444444444,4.5,4.3166666666666655,4.307692307692307,4.199999999999999,3.047058823529412,4.4799999999999995,4.3999999999999995
1,22,high,2.0999999999999996,1.4,1.8666666666666665,1.8666666666666665,2.8,1.4,1.4,1.4,1.575,1.4,1.54,1.6333333333333333,1.6545454545454548,2.0,2.0,1.5999999999999999,1.4,1.7230769230769232,1.5166666666666664,1.4,2.0999999999999996,1.4,1.4,1.5555555555555556
1,22,inactive,0.0,2.8,1.4,1.4,0.0,1.4,1.4,1.4,0.0,0.0,1.4,1.4,1.68,1.68,1.4,1.4,1.4,1.4,1.575,1.4,0.0,1.8666666666666665,0.0,1.4
1,22,low,0.0,1.4,1.4,1.4,1.4,1.4,1.4,0.0,1.4,1.4,1.4,1.9599999999999997,1.4,1.4,1.4,1.4,1.4,1.4,1.4,1.4,1.4,1.4,2.0999999999999996,0.0
1,23,high,4.961764705882353,4.4799999999999995,5.46,4.55,1.4,1.4,2.8,2.8,2.8,4.8,4.3999999999999995,5.111666666666666,5.104678362573099,4.796590909090909,4.904166666666667,5.048484848484849,6.06144522144522,5.067045454545455,4.8999999999999995,4.9649673202614375,4.711111111111111,4.375,6.533333333333332,3.0545454545454547
1,23,inactive,2.8,0.0,2.0999999999999996,0.0,2.8,0.0,5.6,0.0,2.8,5.6,2.8,2.8,4.199999999999999,4.4799999999999995,4.199999999999999,5.366666666666666,5.6,4.199999999999999,4.76,5.6,4.433333333333334,4.666666666666666,4.6,4.199999999999999
1,23,low,3.15,2.8,1.4,1.4,0.0,1.4,1.4,0.0,0.0,2.8,2.8,4.199999999999999,5.215,4.8999999999999995,4.946666666666666,4.4799999999999995,4.199999999999999,5.366666666666666,4.666666666666666,4.199999999999999,2.8,5.6,3.5,4.666666666666666
1,24,high,1.48,1.533333333333333,1.5076923076923074,2.0,1.6333333333333333,1.4,1.4,1.575,1.575,1.8666666666666665,1.9310344827586208,1.75,2.364444444444444,2.5128205128205128,1.9666666666666668,1.854054054054054,1.9384615384615382,1.84,1.9599999999999997,2.0399999999999996,2.0999999999999996,1.6999999999999997,1.6916666666666664,1.75
1,24,inactive,1.4,0.0,1.4,1.4,0.0,0.0,1.4,4.199999999999999,1.4,1.4,1.5999999999999999,1.5076923076923074,1.5272727272727271,2.063157894736842,1.6434782608695653,1.811764705882353,1.5866666666666664,1.4666666666666666,1.75,2.2399999999999998,3.36,1.4,1.68,1.8
1,24,low,1.4,1.4,1.4,1.4,1.4,0.0,1.4,1.4,1.4,1.575,1.4,1.75,1.5999999999999999,1.9,1.47,1.54,1.5647058823529412,2.1999999999999997,1.4,1.75,2.2399999999999998,1.4,1.4,1.9599999999999997
1,25,high,4.199999999999999,4.8999999999999995,4.199999999999999,2.8,7.0,2.8,2.8,4.199999999999999,4.199999999999999,4.679999999999999,4.255999999999999,4.693951612903225,4.999999999999999,4.964296296296296,4.702564102564103,4.9966329966329965,4.8791958041958035,4.570588235294117,4.533333333333333,5.133333333333334,3.08,4.8999999999999995,4.4799999999999995,4.725
1,25,inactive,2.8,1.75,1.4,4.199999999999999,0.0,0.0,1.4,1.4,4.199999999999999,4.199999999999999,3.15,4.433333333333334,4.199999999999999,4.3166666666666655,4.76,4.34,5.048484848484848,4.991919191919192,4.327272727272727,4.199999999999999,2.8,2.8,2.8,2.8
1,25,low,2.8,2.8,1.4,0.0,0.0,0.0,1.4,1.4,4.199999999999999,4.199999999999999,4.199999999999999,2.8,4.4799999999999995,4.199999999999999,4.199999999999999,4.199999999999999,5.154545454545454,3.1999999999999997,2.94,2.8,2.8,2.8,2.8,4.199999999999999
1,26,high,4.375,4.199999999999999,1.4,2.8,1.4,2.8,4.34,2.8,2.916666666666666,4.779999999999999,3.1866666666666665,3.5061046511627905,5.545098039215685,3.4634850166481685,5.435294117647059,5.249673202614379,5.182352941176471,5.111555555555555,5.3549999999999995,4.8,4.655,2.8,5.319999999999999,2.9866666666666664
1,26,inactive,1.4,1.4,3.5,0.0,1.4,1.4,1.4,4.199999999999999,2.8,4.199999999999999,3.4820512820512812,5.055555555555555,2.9647058823529404,4.6421052631578945,4.783333333333333,3.4877192982456133,5.068,5.2905263157894735,2.8,1.4,2.8,4.199999999999999,0.0,1.4
1,26,low,1.4,0.0,2.8,1.4,1.4,0.0,2.8,1.4,1.4,1.4,4.199999999999999,4.299999999999999,4.946666666666666,4.861818181818181,4.529411764705882,4.375,4.494736842105262,2.8,4.783333333333333,4.3999999999999995,3.5,2.8,1.4,2.8
1,27,high,4.433333333333334,4.36470588235294,4.199999999999999,3.5,2.8,2.8,3.0333333333333337,4.199999999999999,4.614814814814815,4.89078947368421,5.30095238095238,5.636842105263157,6.398585322723254,6.420900117508813,6.492470519299786,6.218981481481482,6.171395921237694,6.242736365801381,6.967365967365967,5.711363636363635,5.6291666666666655,5.286363636363636,4.723478260869565,5.422222222222222
1,27,inactive,5.154545454545454,7.0,2.8,1.4,2.8,2.8,1.4,4.199999999999999,2.8,2.8699999999999997,4.34,4.90472972972973,4.615686274509803,4.7727272727272725,5.045221445221445,4.9970024570024565,4.815555555555555,5.556818181818182,4.8710344827586205,5.022222222222223,5.168421052631579,4.28235294117647,4.355555555555555,4.7384615384615385
1,27,low,4.199999999999999,2.8,0.0,1.4,1.4,1.4,1.4,4.199999999999999,4.199999999999999,5.04,4.433333333333334,5.233846153846153,4.666666666666666,4.97037037037037,4.55,5.243137254901961,4.881333333333333,5.107368421052631,4.8,4.3826086956521735,4.199999999999999,4.34,4.355555555555555,4.199999999999999
1,28,high,1.7111111111111112,1.4,1.4,1.4,1.8666666666666665,1.75,1.575,2.0999999999999996,1.575,1.7888888888888885,1.47,1.512,1.7733333333333332,1.7652173913043478,1.75,1.6210526315789473,1.669230769230769,1.845454545454545,1.7888888888888885,1.68,1.8421052631578947,1.6413793103448273,1.6099999999999999,1.6916666666666664
1,28,inactive,1.4,1.4,2.8,2.8,2.8,1.4,1.4,1.4,1.4,1.4,1.75,1.575,1.9599999999999997,1.4,1.5166666666666664,2.1777777777777776,1.9249999999999998,1.4,1.8666666666666665,2.8,1.8666666666666665,1.5166666666666664,1.4,1.5999999999999999
1,28,low,2.0999999999999996,1.68,1.4,0.0,0.0,0.0,1.4,0.0,1.4,1.4,1.4,1.6333333333333333,1.68,1.4,1.4,1.4,1.4,1.4,2.0999999999999996,1.4,1.4,1.4,1.6333333333333333,1.4
1,29,high,4.94102564102564,4.6433333333333335,4.433333333333334,5.6,5.133333333333334,1.4,4.433333333333334,4.199999999999999,4.386666666666667,4.5181818181818185,4.409999999999999,4.755456389452333,4.973333333333333,4.59375,4.991946025722117,4.621717171717172,5.2749999999999995,5.59593491864831,4.984,5.594166666666666,5.315058823529413,5.588947368421053,4.464444444444444,5.5825
1,29,inactive,3.15,2.8,4.199999999999999,5.6,3.5,4.199999999999999,3.7333333333333334,4.199999999999999,4.415384615384614,4.199999999999999,4.355555555555555,5.6,4.199999999999999,4.307692307692307,4.375,4.999999999999999,5.0272727272727264,4.199999999999999,4.199999999999999,5.012443438914027,4.3999999999999995,4.433333333333334,4.433333333333334,5.716666666666666
1,29,low,3.15,1.4,2.8,1.4,5.6,2.8,1.4,1.4,2.8,4.199999999999999,2.8,4.55,4.199999999999999,4.523076923076923,3.36,2.8,2.916666666666666,5.055555555555555,4.3166666666666655,4.709239766081871,4.199999999999999,4.307692307692307,5.88,5.6
1,30,high,5.133333333333333,5.308333333333334,4.511111111111111,2.8,2.8,2.8,0.0,1.4,4.199999999999999,4.573333333333333,5.024242424242424,4.9816666666666665,5.152903225806452,5.530471380471381,5.291950646298472,5.227450980392156,5.389473684210526,5.202051282051281,5.028552631578947,5.58,4.6355555555555545,5.416891891891892,4.491666666666666,4.611764705882353
1,30,inactive,4.8999999999999995,4.666666666666666,3.5,1.4,1.4,1.4,0.0,0.0,2.8,4.8999999999999995,3.08,4.293333333333333,4.407692307692307,5.270940170940171,4.55,4.4624999999999995,4.941880341880341,4.307692307692307,4.2875,4.293333333333333,2.9555555555555553,5.133333333333334,4.4799999999999995,4.199999999999999
1,30,low,3.675,4.199999999999999,2.8,0.0,2.8,0.0,0.0,0.0,2.8,4.199999999999999,4.199999999999999,4.327272727272727,4.513939393939394,4.4799999999999995,4.774358974358974,4.666666666666666,4.386666666666667,4.6433333333333335,4.199999999999999,4.307692307692307,4.4799999999999995,4.327272727272727,5.39,6.3
1,31,high,4.806666666666667,7.116666666666665,4.199999999999999,1.4,0.0,4.199999999999999,2.8,0.0,0.0,4.666666666666666,4.4799999999999995,4.633333333333333,4.2875,4.568421052631579,4.355555555555555,5.335555555555555,4.750967741935484,4.687499999999999,4.355555555555555,4.658479532163743,4.55,4.523076923076923,4.607272727272727,5.016666666666666
1,31,inactive,2.8,1.75,2.8,0.0,0.0,0.0,1.4,1.4,1.4,2.8,4.199999999999999,4.199999999999999,4.199999999999999,4.199999999999999,1.6333333333333333,4.199999999999999,2.8,6.0666666666666655,4.666666666666666,3.3249999999999997,5.133333333333333,3.5,4.199999999999999,4.199999999999999
1,31,low,2.8,1.4,1.4,1.4,0.0,0.0,0.0,0.0,1.4,1.4,0.0,2.9999999999999996,2.8,4.199999999999999,4.199999999999999,4.199999999999999,2.8,4.199999999999999,4.199999999999999,4.199999999999999,4.199999999999999,2.8,4.199999999999999,1.4
1,32,high,1.575,1.6333333333333333,1.4,1.4,1.4,0.0,0.0,0.0,1.4,1.4,1.8666666666666665,1.4,1.4,1.75,1.4,1.4,1.575,1.575,1.4,1.4,1.4,1.8666666666666665,1.8,1.4
1,32,inactive,1.68,1.4,1.4,4.199999999999999,1.4,0.0,0.0,0.0,1.4,0.0,1.4,1.4,0.0,1.4,1.4,1.4,1.4,1.4,2.0999999999999996,2.0999999999999996,1.75,1.4,1.4,1.4
1,32,low,1.4,1.4,4.199999999999999,0.0,0.0,0.0,0.0,0.0,1.4,0.0,1.4,0.0,1.4,1.4,0.0,1.4,2.0999999999999996,2.0999999999999996,1.4,1.4,1.4,1.4,1.4,0.0
1,33,high,1.9478260869565216,1.4,1.4,1.68,1.4,1.4,1.4,1.4,1.4,1.8307692307692307,2.0066666666666664,1.8666666666666665,2.022222222222222,2.019230769230769,2.2119999999999997,2.051162790697674,1.9599999999999997,1.8044444444444445,1.575,1.92,1.89,1.9297297297297298,1.9599999999999997,1.75
1,33,inactive,1.4,1.8666666666666665,1.4,1.4,1.4,1.4,1.4,1.4,1.4,1.4,1.5166666666666664,1.7294117647058824,1.575,1.4,1.47,1.5866666666666664,1.5555555555555556,1.5076923076923074,1.4,1.8,1.8375,1.75,1.6153846153846148,2.036363636363636
1,33,low,1.5999999999999999,1.4,2.8,0.0,1.4,1.4,0.0,1.4,1.4,1.75,1.4,1.4,1.5555555555555556,1.4999999999999998,1.4,1.4,1.54,1.7818181818181817,1.5555555555555556,1.4,1.54,1.75,1.5999999999999999,1.4
1,34,high,5.593650793650793,4.956756756756756,4.581818181818181,3.111111111111111,7.0,2.8,4.523076923076923,2.8,4.8,5.083835904628331,5.486574074074074,6.170597790773229,6.540608988435075,6.5204506086851195,6.6809615384615375,6.496156862745098,6.351219512195122,6.027383367139959,5.503718637992831,5.317925925925925,4.698484848484848,5.298461538461539,5.45625,5.418636363636363
1,34,inactive,4.347368421052631,4.8999999999999995,3.338461538461538,4.199999999999999,1.4,1.4,4.199999999999999,2.8,4.199999999999999,4.666666666666666,4.6460784313725485,4.817272727272727,4.663921568627451,4.821212121212122,5.296052631578947,5.564646464646464,5.668421052631579,4.586206896551723,4.503333333333333,4.4799999999999995,3.966666666666666,2.8,3.111111111111111,3.111111111111111
1,34,low,4.55,4.76,3.6555555555555554,1.4,1.4,0.0,2.8,1.4,4.199999999999999,4.447058823529412,4.421052631578947,4.888333333333333,4.811111111111111,4.726495726495727,5.15231259968102,5.158823529411765,4.7444444444444445,4.580701754385966,4.54,4.433333333333334,3.0333333333333337,4.55,2.8,5.109999999999999
1,35,high,5.377272727272728,4.454545454545455,4.4799999999999995,3.08,3.5,1.8666666666666665,2.8,4.8999999999999995,4.466666666666667,4.4980044345898005,4.968948685857321,5.234576271186441,5.168888888888889,5.4662714097496705,5.121428571428571,5.456702898550724,5.057948717948716,5.039901025097207,5.504545454545454,5.102222222222222,5.451923076923077,5.2767647058823535,4.87008547008547,5.0256410256410255
1,35,inactive,3.294736842105263,4.4799999999999995,2.8,4.199999999999999,1.4,1.4,0.0,2.8,2.8,4.307692307692307,4.307692307692307,4.723076923076923,4.75,4.83,4.55,4.6899999999999995,4.454545454545455,5.345454545454544,4.433333333333334,5.3487179487179475,3.0210526315789474,4.199999999999999,4.666666666666666,4.581818181818181
1,35,low,4.355555555555555,4.55,3.4000000000000004,2.8,2.8,0.0,1.4,2.8,4.199999999999999,4.199999999999999,4.199999999999999,4.433333333333334,4.28235294117647,4.263636363636364,4.4624999999999995,2.927272727272727,4.993333333333332,5.848888888888889,4.977777777777778,4.571212121212122,2.8933333333333335,4.8999999999999995,4.199999999999999,4.199999999999999
1,36,high,5.833333333333333,4.8999999999999995,4.199999999999999,3.266666666666666,2.8,2.8,3.5,2.8,4.736666666666666,5.074999999999999,4.797916666666666,5.288130081300814,4.849512670565302,4.9911111111111115,4.977368421052631,4.646198830409356,4.708421052631579,5.18,4.5948717948717945,4.3778225806451605,5.381743589743589,4.637499999999999,4.45,3.266666666666666
1,36,inactive,2.8,1.4,1.4,0.0,1.4,2.8,1.4,1.4,2.8,3.266666666666666,3.15,4.765656565656566,4.299999999999999,5.5666666666666655,4.2875,4.529411764705882,4.55,5.110769230769231,4.347368421052631,4.83,2.9999999999999996,4.199999999999999,4.199999999999999,2.8
1,36,low,2.8,2.8,1.4,0.0,2.8,2.8,1.4,2.8,2.8,7.0,4.3999999999999995,4.4799999999999995,4.299999999999999,4.199999999999999,4.707692307692308,5.25,4.355555555555555,4.447058823529412,3.08,3.266666666666666,5.666666666666667,2.8,1.4,1.4
1,37,high,4.9510121457489875,2.9866666666666664,3.3499999999999996,3.15,2.8,3.08,2.9333333333333327,2.9749999999999996,4.570192307692307,4.841666666666666,4.812962962962962,4.76235294117647,5.2675,4.76,5.132686532686532,4.75042735042735,5.306644238856181,5.509298780487804,5.119252873563218,4.7444444444444445,4.82695652173913,4.615384615384615,4.677777777777778,4.881818181818181
1,37,inactive,5.557575757575758,3.08,2.8,4.199999999999999,4.199999999999999,2.8,3.0333333333333337,3.15,3.255,2.8,4.375,4.199999999999999,3.111111111111111,3.266666666666666,4.199999999999999,4.562499999999999,5.349166666666665,3.1934640522875815,4.504347826086956,4.299999999999999,4.199999999999999,4.861111111111111,4.199999999999999,3.3400000000000003
1,37,low,3.0333333333333337,1.4,2.8,0.0,2.8,0.0,2.8,2.8,2.8,2.8,3.1999999999999997,4.3999999999999995,2.8736842105263154,2.907692307692307,4.327272727272727,2.9999999999999996,4.355555555555555,4.887272727272727,3.333333333333333,4.199999999999999,4.666666666666666,4.199999999999999,3.0333333333333337,2.8
1,38,high,4.936129032258065,5.5,5.658333333333333,4.619999999999999,5.8100000000000005,5.25,2.8,4.199999999999999,2.8777777777777778,4.788717948717948,4.585,4.882499999999999,5.172667757774139,5.26595744680851,5.133333333333334,4.016194968553458,4.822641509433961,5.568888888888889,5.2204603580562665,5.4662004662004655,4.921727395411606,3.4000000000000004,5.411538461538462,3.8725146198830407
1,38,inactive,5.016666666666666,2.94,2.8,1.4,2.8,2.8,1.4,2.8,2.8,2.8,4.55,4.199999999999999,4.374358974358974,4.477777777777778,3.3647058823529417,4.390909090909091,3.1684210526315786,3.029239766081872,2.9647058823529404,3.349019607843137,3.0625,3.466666666666667,4.935,3.111111111111111
1,38,low,2.8,2.8,3.8499999999999996,1.4,1.4,4.199999999999999,1.4,1.4,2.8,2.8,2.9749999999999996,4.199999999999999,3.0545454545454547,2.8,3.15,3.15,4.520833333333333,3.08,4.307692307692307,4.375,4.386666666666667,4.4799999999999995,4.666666666666666,5.3
1,39,high,4.36470588235294,4.277777777777778,1.5999999999999999,1.5555555555555556,1.4,1.4,0.0,1.4,1.5272727272727271,3.1999999999999997,4.375,2.9696969696969693,3.4222222222222225,4.626086956521738,3.433333333333334,4.55,3.08,4.4799999999999995,1.8,1.7919999999999998,5.712,2.860869565217391,4.258333333333334,2.907692307692307
1,39,inactive,1.4,1.8666666666666665,1.8666666666666665,1.4,4.666666666666666,0.0,0.0,1.4,2.8,1.4,1.68,1.4,1.6545454545454548,2.8777777777777778,2.947368421052632,3.0153846153846144,2.8,1.6999999999999997,1.4,3.08,1.5166666666666664,2.8,1.6333333333333333,1.4
1,39,low,1.75,2.8,1.4,0.0,0.0,1.4,2.8,1.4,1.4,1.4,1.4,1.4,1.6333333333333333,1.6999999999999997,3.0545454545454547,2.8,5.716666666666666,1.68,1.4,1.68,1.4,1.4,2.8,1.4
1,40,high,5.665942028985507,5.044256756756756,4.731999999999999,3.111111111111111,2.8,0.0,3.5,2.8,4.199999999999999,4.199999999999999,4.4799999999999995,4.494736842105262,4.6,5.4035087719298245,5.049333333333332,4.949411764705882,4.96060606060606,4.931934731934731,4.884444444444444,4.713333333333333,4.76,4.8790000000000004,5.570689655172414,5.049333333333332
1,40,inactive,5.4775,2.8,2.8,5.7749999999999995,4.199999999999999,7.0,2.8,2.8,1.4,4.199999999999999,4.199999999999999,2.8,4.199999999999999,4.511111111111111,4.34,2.8933333333333335,4.5,5.133333333333334,4.355555555555555,5.739999999999999,4.725,4.199999999999999,4.921212121212122,4.8999999999999995
1,40,low,3.266666666666666,4.574999999999999,3.593333333333333,1.4,1.4,1.4,2.8,0.0,1.4,2.8,1.4,2.8,4.199999999999999,4.8999999999999995,4.375,4.433333333333334,7.233333333333333,5.04,4.199999999999999,4.199999999999999,4.199999999999999,5.1,3.1999999999999997,4.375
1,41,high,4.980952380952381,4.91875,5.46,5.074999999999999,5.133333333333334,2.8,4.199999999999999,2.8874999999999997,4.28235294117647,4.607692307692307,4.859694477085781,4.864102564102564,5.768371696504689,5.861768243785083,5.670403126285478,5.749241957352398,5.5037898503578395,5.505972563601605,5.257051282051281,5.207642679900744,5.866212121212121,5.213333333333333,5.210666666666666,5.349814814814814
1,41,inactive,4.619999999999999,4.709090909090909,2.8,5.6,2.8,0.0,1.4,2.8,4.4799999999999995,4.76,4.666666666666666,4.447058823529412,4.327272727272727,4.199999999999999,5.288888888888889,4.991666666666666,4.740909090909091,4.75,4.763888888888888,4.386666666666667,4.828888888888889,4.6105769230769225,4.832692307692307,4.511111111111111
1,41,low,4.3999999999999995,4.454545454545455,4.199999999999999,2.8,1.4,1.4,1.4,2.8,4.199999999999999,4.199999999999999,4.199999999999999,4.36470588235294,4.307692307692307,4.199999999999999,4.6,4.7894736842105265,4.7425,4.34,4.27,4.5,4.6499999999999995,4.491666666666666,4.55,4.596666666666666
1,42,high,4.594427244582043,5.635,4.386666666666667,4.253846153846153,2.8,2.8,2.8,2.9555555555555553,3.111111111111111,4.511111111111111,4.727058823529411,5.533333333333334,5.09412827461608,5.695862068965517,4.9476595744680845,5.847123623011016,5.833030617540218,5.040530303030303,5.274285714285714,5.731962397179788,5.225294117647059,5.15097288676236,4.870588235294117,4.586666666666666
1,42,inactive,4.199999999999999,5.133333333333333,4.666666666666666,1.5555555555555556,3.0333333333333337,1.4,1.4,1.4,4.199999999999999,3.2083333333333335,2.8,4.619999999999999,4.511111111111111,5.468484848484849,4.616666666666666,4.580701754385966,4.6877828054298645,3.315384615384615,4.721111111111111,4.999999999999999,4.923333333333333,4.464705882352941,3.0333333333333337,5.074999999999999
1,42,low,2.8,4.199999999999999,2.8,2.8,1.4,2.8,1.4,1.4,4.199999999999999,2.9555555555555553,3.15,4.677272727272727,3.599999999999999,4.55,4.780392156862745,4.573333333333333,6.1000000000000005,4.713333333333333,4.266666666666666,4.199999999999999,4.8999999999999995,4.523076923076923,4.54,5.08
1,43,high,3.616666666666666,4.199999999999999,2.8,1.68,4.199999999999999,4.199999999999999,2.8,4.199999999999999,2.8,2.8,2.8,3.08,4.511111111111111,4.3166666666666655,4.327272727272727,2.94,4.466666666666667,4.523076923076923,4.619999999999999,4.55,4.4799999999999995,4.6,4.511111111111111,4.199999999999999
1,43,inactive,2.8,2.8,2.8,1.4,1.4,0.0,2.8,1.4,0.0,1.4,1.4,1.4,1.4,2.8,4.199999999999999,2.8,4.199999999999999,4.199999999999999,2.8,3.5,1.4,4.199999999999999,1.4,1.68
1,43,low,5.6,2.8,0.0,0.0,1.4,0.0,1.4,0.0,1.4,1.4,1.4,1.4,2.8,4.433333333333334,4.199999999999999,2.8,3.0333333333333337,2.8,2.8,1.4,1.5272727272727271,3.0333333333333337,2.8,4.199999999999999
1,44,high,5.078431372549019,4.199999999999999,4.666666666666666,4.199999999999999,3.266666666666666,2.8,4.55,5.6,4.511111111111111,4.437908496732026,4.783333333333333,5.343333333333331,5.445571658615137,4.601739130434781,4.6797202797202795,4.970234113712374,4.575712143928036,4.963348416289592,4.814705882352941,4.962222222222222,4.623821339950372,5.275213675213675,5.114188034188034,4.791111111111111
1,44,inactive,4.4799999999999995,4.199999999999999,1.4,5.6,1.4,2.8,1.4,3.15,2.8,4.199999999999999,2.8,4.607272727272727,4.433333333333334,2.8,4.199999999999999,4.199999999999999,4.8999999999999995,4.581818181818181,2.8,4.199999999999999,4.307692307692307,2.8,4.355555555555555,4.4799999999999995
1,44,low,4.199999999999999,4.199999999999999,2.8,2.8,2.8,2.8,4.199999999999999,2.8,2.8,2.8,2.8,4.8999999999999995,4.199999999999999,4.725,3.5,2.8,4.199999999999999,4.199999999999999,5.6,3.2083333333333335,4.199999999999999,4.55,4.199999999999999,3.5
1,45,high,4.4074074074074066,3.202051282051282,2.8,2.8,2.8,2.8,0.0,4.199999999999999,5.413586956521738,4.999076923076923,6.266666666666667,5.185090909090909,4.98157602663707,4.111315280464216,4.975551580202742,4.2065162907268165,4.051923076923076,5.252380952380952,4.93972972972973,3.7527777777777778,4.775828460038985,5.073150105708245,3.577777777777778,3.1994949494949494
1,45,inactive,2.8,3.15,2.8,3.266666666666666,1.4,0.0,1.4,2.8,2.8,2.94,2.9555555555555553,2.9866666666666664,4.732608695652174,3.5,2.9999999999999996,4.655,3.7494545454545447,2.8874999999999997,3.2487179487179483,2.8,3.4000000000000004,3.1903846153846143,3.453333333333333,1.5555555555555556
1,45,low,2.94,3.15,4.199999999999999,4.199999999999999,0.0,2.8,2.0999999999999996,1.4,2.8,3.0625,4.447692307692308,3.0333333333333337,3.266666666666666,7.254545454545454,4.375,3.024358974358974,3.338461538461538,3.15,4.854545454545455,2.9749999999999996,4.698484848484848,2.8,4.28235294117647,7.430769230769231
1,46,high,4.731999999999999,3.3631878557874764,3.1,3.3249999999999997,2.8,1.68,1.4,1.4,2.927272727272727,3.024358974358974,4.546464646464646,3.0722222222222224,3.374736842105263,3.78,3.0933333333333333,3.0210526315789474,3.029721362229102,3.607692307692307,2.94,5.440909090909091,3.0955555555555554,2.8,3.3499999999999996,3.510769230769231
1,46,inactive,3.0333333333333337,4.55,3.36,3.5,7.0,3.5,3.8499999999999996,1.4,1.4,3.5,2.8,4.4799999999999995,3.5,2.8,3.08,2.9749999999999996,2.8,1.4,4.083333333333334,2.8,3.08,1.4,3.15,2.8
1,46,low,2.8,2.8,2.8,1.4,1.4,1.4,2.8,0.0,2.8,2.8,2.8,4.199999999999999,2.8,3.15,3.15,2.8,2.8,2.8,1.4,2.8,1.4,2.8,5.133333333333334,1.4
1,47,high,5.196969696969696,5.347687400318979,4.77037037037037,5.216842105263157,3.0333333333333337,4.666666666666666,4.293333333333333,4.199999999999999,4.866129032258064,4.873076923076923,5.067605633802817,5.439601494396014,5.394666666666667,6.236363636363636,6.21890243902439,5.937534246575342,5.435294117647058,6.552,4.989090909090908,5.415925925925927,5.026162790697674,5.052962962962963,4.793939393939394,5.020689655172413
1,47,inactive,4.616666666666666,5.815384615384614,4.7541666666666655,3.8,7.0,2.8,2.8,2.8,3.047058823529412,3.3653846153846145,4.4896551724137925,4.6812499999999995,4.526666666666666,3.233333333333333,3.243902439024391,3.2375,1.92,3.796153846153846,5.43030303030303,2.94,7.199999999999998,2.856,2.927272727272727,4.6
1,47,low,4.199999999999999,3.0413793103448277,4.511111111111111,1.4,0.0,2.8,2.3333333333333335,1.4,1.4,1.4,2.860869565217391,4.713333333333333,3.266666666666666,6.16,4.8092592592592585,5.061538461538462,4.63076923076923,3.178378378378378,5.799999999999999,3.1294117647058823,2.8,3.0333333333333337,4.375,2.8
1,48,high,4.327272727272727,4.454545454545455,5.6,4.8999999999999995,1.75,7.0,2.8,1.4,2.8,2.8,4.613636363636363,4.865,4.523076923076923,5.068449197860962,4.98448275862069,4.996666666666666,4.529411764705882,4.8680701754385955,5.0964912280701755,4.655,4.629545454545455,4.641212121212122,4.375,4.55
1,48,inactive,4.199999999999999,2.8,1.4,1.4,1.4,0.0,0.0,0.0,2.8,1.4,4.199999999999999,2.8,2.9999999999999996,2.9999999999999996,4.581818181818181,3.08,2.8,4.34,2.8,4.55,4.55,4.375,4.199999999999999,5.413333333333332
1,48,low,4.8999999999999995,3.15,1.8666666666666665,1.4,0.0,0.0,2.8,1.4,1.4,4.4799999999999995,4.199999999999999,1.4,2.8,2.8,4.199999999999999,5.727272727272727,4.199999999999999,4.375,4.199999999999999,4.199999999999999,2.8,2.8,2.8,4.199999999999999
1,49,high,4.993333333333332,2.8,2.8,2.8,2.8,2.8,2.8,2.9999999999999996,4.459259259259259,4.706504065040649,4.685714285714285,5.606147875816993,6.084101748807631,6.3568438003220615,7.019444444444445,6.2321212121212115,6.29111111111111,4.934239130434782,5.936231884057971,4.7661498708010335,5.083566433566433,4.55,4.931612903225806,5.243137254901961
1,49,inactive,4.375,4.8999999999999995,2.8,2.8,0.0,0.0,1.4,4.8999999999999995,4.199999999999999,4.355555555555555,4.277777777777778,4.526666666666666,4.013333333333333,4.964452214452214,4.536200716845879,5.256363636363637,4.868421052631578,4.988888888888889,4.83,4.5181818181818185,4.7555555555555555,4.607272727272727,4.199999999999999,4.199999999999999
1,49,low,4.199999999999999,3.266666666666666,2.8,1.4,0.0,1.4,0.0,3.0333333333333337,2.8,4.199999999999999,4.199999999999999,4.533333333333333,4.725,5.723529411764705,3.355555555555556,4.740909090909091,6.014814814814814,4.6,4.199999999999999,4.657692307692307,4.822222222222222,4.433333333333334,4.299999999999999,3.08
1,50,high,4.199999999999999,4.199999999999999,4.8,4.4799999999999995,1.4,1.4,4.199999999999999,1.4,2.8,1.4,2.9999999999999996,4.199999999999999,4.199999999999999,4.199999999999999,4.63076923076923,4.4799999999999995,4.327272727272727,3.15,1.6545454545454548,4.199999999999999,4.327272727272727,4.666666666666666,2.9647058823529404,4.355555555555555
1,50,inactive,2.8,2.8,4.199999999999999,2.8,1.4,1.4,0.0,0.0,0.0,1.4,2.8,2.8,1.4,1.4,1.4,1.4,2.8,2.8,4.199999999999999,2.8,2.8,4.199999999999999,1.4,2.8
1,50,low,1.4,2.8,2.8,5.6,0.0,0.0,1.4,0.0,0.0,0.0,1.4,1.4,1.4,3.5,1.4,1.4,1.4,1.4,1.4,3.266666666666666,1.4,4.666666666666666,3.5,2.8
